pricing,bed,bath,sqft,plot_size,address,PublicSymbol,PrivateSymbol
"$6,825,000",6,6.5,"8,011",0.41,3065 university ter nw,NonLead,NonLead
"$1,695,000",4,3.5,"1,941","1,105",104 4th st se,NonLead,NonLead
"$499,999",4,3,"1,418","3,575",3214 w st se,NonLead,NonLead
"$749,900",5,3,"1,152","1,862",5604 kansas ave nw,NonLead,NonLead
"$749,999",3,2.5,"1,450","1,180",1426 pennsylvania ave se,Lead,Lead
"$850,000",3,2.5,"1,484","1,038",1158 abbey pl ne,Lead,Lead
"$875,000",4,2,"1,794","1,843",1221 d st ne,NonLead,Lead
"$1,475,000",5,3.5,"2,461","1,785",15 6th st ne,Lead,Lead
"$179,000",3,1.5,"1,412","2,926",98 elmira st sw,NonLead,NonLead
"$739,999",5,3.5,"2,064","5,326",5010 brooks st ne,NonLead,NonLead
"$1,350,000",5,4.5,"2,092","1,103",510 d st ne,NonLead,NonLead
"$1,995,000",6,4.5,"3,754","5,040",5012 hawthorne pl nw,NonLead,NonLead
"$2,100,000",4,3.5,"2,791","1,424",1100 e st ne,NonLead,NonLead
"$1,795,000",3,3.5,"3,188","6,900",2900 ellicott st nw,NonLead,NonLead
"$1,450,000",4,4,"3,786","1,867",303 m st nw,NonLead,NonLead
"$1,595,000",4,3,"3,925","7,250",6429 31st st nw,NonLead,NonLead
"$6,700,000",4,4.5+,"5,500","2,761",1342 28th st nw,NonLead,NonLead
"$1,495,000",5,5.5,"2,740","1,400",1905 4th st nw,NonLead,NonLead
"$850,000",4,2,"2,858","5,060",615 underwood st nw,NonLead,NonLead
"$1,795,000",4,3.5+,"3,123","5,584",3073 cleveland ave nw,NonLead,NonLead
"$600,000",4,2.5,"1,365","1,900",445 decatur st nw,NonLead,NonLead
"$745,000",3,2.5,"1,530","1,360",613 16th st ne,NonLead,NonLead
"$1,949,000",4,3.5,"2,448","2,260",3717 fulton st nw,NonLead,Lead
"$1,200,000",2,1.5,"1,937","2,970",4849 brandywine st nw,NonLead,NonLead
"$1,060,000",3,1.5,"1,498","3,192",3600 morrison st nw,NonLead,NonLead
"$880,000",2,1.5,"1,036",836,961 25th st nw,NonLead,NonLead
"$899,900",2,2.5,"1,318","1,044",921 e st se,NonLead,NonLead
"$1,398,500",4,3.5,"2,063",993,520 12th st ne,Lead,Lead
"$899,950",2,2.5,"1,318","1,282",2009 vermont ave nw,NonLead,NonLead
"$1,475,000",5,3.5,"2,365","1,438",406 13th st ne,NonLead,NonLead
"$369,000",3,2,"1,782","2,500",2349 s st se,NonLead,NonLead
"$1,245,000",3,3.5,"2,222","1,952",616 6th st ne,NonLead,NonLead
"$1,175,000",4,3.5,"1,920","1,200",1738 d st se,NonLead,NonLead
"$1,350,000",4,2,"1,973","5,155",3809 ingomar st nw,NonLead,NonLead
"$925,000",3,3,"1,998",885,34 u st nw,Lead,Lead
"$899,000",4,2,"2,250","2,547",121 webster st nw,NonLead,Lead
"$529,900",3,3,"1,418","2,850",1955 s st se,NonLead,NonLead
"$849,900",3,3.5,"1,540",945,162 u st ne,NonLead,NonLead
"$475,000",3,1.5,"1,504","3,068",18 tuckerman st nw,NonLead,NonLead
"$709,900",3,1.5,"1,748",960,235 ascot pl ne,NonLead,Lead
"$775,000",3,2.5,"2,016","3,929",5717 6th st nw,NonLead,NonLead
"$469,000",4,2,"1,504","2,304",1572 41st st se,NonLead,NonLead
"$1,000,000",4,2,"1,802",820,217 r st nw,NonLead,NonLead
"$495,000",3,2,"1,858","3,941",3957 ames st ne,NonLead,NonLead
"$650,000",4,2.5,"1,588","1,693",5922 eastern ave ne,NonLead,NonLead
"$725,000",3,3,"1,578","1,430",1922 4th st ne,NonLead,NonLead
"$545,000",3,2,"1,909","2,863",69 55th st se,NonLead,NonLead
"$1,100,000",2,2,"1,630","1,400",1820 35th st nw,NonLead,NonLead
"$750,000",4,1.5+,"2,773","6,156",121 raleigh st se,NonLead,NonLead
"$964,900",3,,"1,912","1,800",46 quincy pl ne,NonLead,NonLead
"$875,000",8,,"4,896","6,514",302 atlantic st se,NonLead,NonLead
"$1,375,000",4,2.5+,"2,568","1,166",5324 43rd st nw,NonLead,NonLead
"$2,699,000",6,4.5,"4,049",0.3,3601 fordham rd nw,NonLead,NonLead
"$900,000",8,,"3,042","3,233",1258 meigs pl ne,NonLead,NonLead
"$700,000",8,,"2,800","4,188",3012 nelson pl se,NonLead,NonLead
"$1,825,000",5,4.5,"4,600","8,609",3143 upland ter nw,NonLead,NonLead
"$988,000",3,2.5,"1,440","1,038",1171 abbey pl ne,Lead,Lead
"$1,600,000",6,,"2,800","1,589",1426 montello ave ne,NonLead,NonLead
"$175,000",1,1,"1,200","3,000",721 50th st ne,NonLead,NonLead
"$750,000",9,,"2,800","4,016",116 emerson st nw,NonLead,NonLead
"$3,500,000",6,5.5,"3,698","3,840",3132 o st nw,NonLead,NonLead
"$2,695,000",3,3.5,"2,150","1,745",3420 n st nw,NonLead,NonLead
"$490,000",3,3,"1,352","3,625",5508 foote st ne,NonLead,NonLead
"$1,042,900",4,3.5,"2,013","6,744",6201 utah ave nw,NonLead,NonLead
"$399,900",5,3,"1,986","3,240",1127 48th pl ne,NonLead,Lead
"$13,950,000",8,7.5+,"7,481","6,000",2727 q st nw,NonLead,NonLead
"$4,895,000",7,5.5,"6,100",0.71,3136 newark st nw,NonLead,NonLead
"$999,000",4,2.5,"1,954","1,330",1825 massachusetts ave se,NonLead,NonLead
"$4,995,000",6,6.5+,"6,725",1.59,2323 porter st nw,NonLead,NonLead
"$29,950,000",4,5.5+,"23,600",,2000 massachusetts ave nw,NonLead,NonLead
"$4,500,000",5,4.5,"3,700","4,332",3417 r st nw,NonLead,NonLead
"$3,490,000",7,6.5,"6,490","5,000",3602 ordway st nw,NonLead,NonLead
"$995,000",5,4,"1,835","1,000",1001 irving st nw,NonLead,Lead
"$10,000,000",7,7.5+,"14,124",0.36,3101 chain bridge rd nw,NonLead,NonLead
"$4,395,000",6,5.5,"4,302","1,833",635 maryland ave ne,NonLead,NonLead
"$15,999,999",9,8.5+,"14,113",0.75,2507 foxhall rd nw,NonLead,NonLead
"$485,000",3,1.5+,"1,539","3,208",740 oglethorpe st ne,NonLead,NonLead
"$675,000",3,2.5,"1,863","1,400",1806 m st ne,NonLead,NonLead
"$1,297,500",4,3.5,"1,932",987,1108 4th st ne,NonLead,NonLead
"$829,000",4,2.5,"1,820","5,600",2028 douglas st ne,NonLead,NonLead
"$7,900,000",6,8.5,"9,575",0.3,1930 foxview cir nw,NonLead,NonLead
"$4,790,000",5,5.5,"5,714","5,155",2446 kalorama rd nw,NonLead,NonLead
"$2,895,000",4,3.5,"3,141","1,254",1632 15th st nw,NonLead,NonLead
"$1,999,999",4,3.5,"2,940","5,007",4106 46th st nw,NonLead,NonLead
"$975,000",3,2.5,"2,356","5,801",1130 kalmia rd nw,Lead,Lead
"$320,000",4,1.5+,"2,524","2,625",6200 clay st ne,NonLead,NonLead
"$9,995,000",5,4.5+,"9,200",0.25,2438 belmont rd nw,NonLead,NonLead
"$510,000",3,2,"2,300","4,356",4004 20th st ne,NonLead,NonLead
"$2,850,000",5,3,"3,137","5,347",3410 volta pl nw,NonLead,NonLead
"$6,195,000",6,5.5,"5,900",0.37,3024 44th st nw,NonLead,NonLead
"$449,000",3,2,"1,215","2,914",906 division ave ne,Lead,Lead
"$959,000",3,2,"1,854","1,185",1429 ames pl ne,NonLead,NonLead
"$557,500",4,3,"1,938","4,263",5327 blaine st ne,NonLead,NonLead
"$499,999",4,2.5,"1,564","5,000",5316 jay st ne,NonLead,NonLead
"$1,249,000",4,2.5,"1,954",850,547 4th st se,NonLead,NonLead
"$990,000",4,3.5,"3,456","5,574",1345 ingraham st nw,NonLead,NonLead
"$1,399,000",4,4.5,"3,179","5,000",6819 8th st nw,Lead,Lead
"$399,900",3,2,"1,440","1,584",1509 morris rd se,NonLead,NonLead
"$890,000",3,2,"2,160","2,020",2525 12th st nw,NonLead,Lead
"$839,000",3,2.5,"1,810","1,385",1404 perry pl nw,NonLead,NonLead
"$595,000",3,2.5,"2,048","5,089",2213 retta gilliam ct se,NonLead,NonLead
"$1,195,000",3,2.5,"2,203","5,305",5011 fulton st nw,NonLead,NonLead
"$199,800",1,1,936,"4,000",5130 c st se,Lead,Lead
"$1,125,000",2,1.5,"1,462","1,346",640 e st se,NonLead,NonLead
"$520,000",3,2,"1,230","2,544",2111 bunker hill rd ne,NonLead,NonLead
"$1,845,000",3,2.5,"2,412","2,399",510 d st se,NonLead,NonLead
"$2,594,900",5,4.5,"2,785","3,410",2457 p st nw,NonLead,NonLead
"$1,495,000",3,2.5+,"2,340","4,590",3721 yuma st nw,NonLead,NonLead
"$14,900,000",7,8.5+,"13,034",0.75,2509 foxhall rd nw,NonLead,NonLead
"$1,225,000",5,3.5,"2,452","1,632",3657 13th st nw,NonLead,NonLead
"$1,150,000",8,,"3,362","4,128",3520 ely pl se,Lead,Lead
"$724,900",2,1,672,512,18 gessford ct se,Lead,Lead
"$587,500",3,2,"1,053","5,001",4452 hilltop ter se,NonLead,NonLead
"$495,000",4,3.5,"1,969","3,832",522 49th st ne,NonLead,NonLead
"$1,250,000",4,2.5,"1,900","2,100",1717 kenyon st nw,NonLead,Lead
"$1,775,000",5,3.5,"2,750","1,108",623 6th st ne,NonLead,Lead
"$950,000",5,3.5,"2,394","3,029",4705 16th st nw,NonLead,NonLead
"$995,500",2,2,"1,620",811,2118 tunlaw rd nw,NonLead,NonLead
"$452,000",3,2.5,"3,089","6,823",1520 28th st se,Lead,Lead
"$1,395,000",3,3.5,"2,169","1,040",2028 flagler pl nw,NonLead,Lead
"$465,000",4,2,"2,104","4,125",3127 park dr se,NonLead,NonLead
"$3,950,000",5,3.5,"5,024","4,875",2319 bancroft pl nw,Lead,Lead
"$4,350,000",5,5.5,"5,020","3,561",3302 cleveland ave nw,NonLead,NonLead
"$250,000",2,1,"1,114","1,663",914 52nd st ne,NonLead,NonLead
"$2,750,000",4,4,"4,681","3,266",621 a st ne,NonLead,NonLead
"$1,549,900",6,3.5,"2,958","2,390",1604 44th st nw,NonLead,Lead
"$375,000",3,2,"1,600","4,125",48 53rd pl se,NonLead,NonLead
"$199,000",3,2,"1,873","2,659",3335 5th st se,Lead,Lead
"$480,000",7,2.5,"2,593","4,000",5220 astor pl se,NonLead,NonLead
"$1,495,000",5,3,"2,280","2,400",2714 27th st nw,Lead,Lead
"$929,900",4,3.5,"1,905","2,513",1279 oates st ne,NonLead,Lead
"$2,355,000",4,4.5,"2,000","1,440",1653 34th st nw,NonLead,Lead
"$965,000",6,4.5,"3,330","6,134",4920 piney branch rd nw,NonLead,NonLead
"$1,295,000",3,2.5,"1,574",987,2535 queen annes ln nw,NonLead,NonLead
"$625,000",2,1.5,744,720,424 oakdale pl nw,Lead,Lead
"$6,995,000",6,6.5+,"6,725","3,981",2134 wyoming ave nw,Lead,Lead
"$1,320,000",6,3.5,"2,565","5,835",1022 bryant st ne,NonLead,Lead
"$285,000",1,1,,,3026 porter st nw,NonLead,NonLead
"$3,175,000",5,5.5,"6,059","5,473",5304 dorsett pl nw,NonLead,NonLead
"$14,500,000",12,6.5+,"17,010","6,285",2040 s st nw,NonLead,NonLead
"$1,995,000",4,4.5,"2,942","1,517",1442 t st nw,NonLead,NonLead
"$4,100,000",5,4.5,"5,700",0.41,3615 49th st nw,NonLead,NonLead
"$1,450,000",3,3.5,"2,558","5,950",3615 kanawha st nw,NonLead,NonLead
"$1,649,000",3,3,"2,338","3,100",311 5th st se,NonLead,NonLead
"$1,950,000",7,3.5,"3,841","1,943",1753 kilbourne pl nw,NonLead,Lead
"$3,700,000",7,6.5,"6,185",0.76,2829 tilden st nw,NonLead,NonLead
"$1,398,500",2,2,"1,870","1,419",209 c st ne,Lead,Lead
"$409,000",3,2,"1,215","2,711",338 53rd st ne,NonLead,NonLead
"$946,000",3,3.5,"2,195","2,088",3525 hertford pl nw,NonLead,Lead
"$700,000",3,2.5,"1,672","1,605",221 rhode island ave ne,NonLead,Lead
"$874,900",4,3.5,"2,548","8,438",2537 34th st se,NonLead,NonLead
"$1,595,000",5,3.5,"2,700",833,1800 s st nw,NonLead,NonLead
"$1,750,000",5,2.5,"3,190",903,1538 t st nw,NonLead,NonLead
"$1,150,000",3,1.5,"1,540","1,967",523 10th st se,NonLead,NonLead
"$309,900",3,2,"1,184","2,911",5041 benning rd se,NonLead,NonLead
"$1,385,000",3,2,"2,172","8,662",5066 macarthur blvd nw,NonLead,NonLead
"$849,900",4,3,"1,512","1,372",5404 kansas ave nw,Lead,Lead
"$503,500",3,1.5,"1,555","1,778",2608 4th st ne,Lead,Lead
"$503,500",3,1.5,"1,555","1,778",2608 4th st ne,Lead,Lead
"$1,250,000",4,2.5+,"3,012","4,903",1530 locust rd nw,NonLead,NonLead
"$875,000",3,2,"1,755","1,218",607 g st se,NonLead,NonLead
"$3,385,000",5,5.5,"3,907","5,800",3408 34th pl nw,Lead,Lead
"$1,450,000",5,4,"2,698",,31 r st nw,Lead,Lead
"$649,900",5,,"1,492","1,200",1017 florida ave ne,NonLead,Lead
"$2,150,000",4,4,"3,416","1,800",1303 corcoran st nw,NonLead,NonLead
"$689,900",3,3.5,"2,348","1,275",3709 jamison st ne,NonLead,NonLead
"$2,900,000",4,2.5+,"2,100","3,101",300 a st se,Lead,Lead
"$2,995,900",5,4.5+,"4,594","4,750",4735 rodman st nw,NonLead,NonLead
"$6,490,000",6,6.5+,"10,500",0.82,2601 foxhall rd nw,NonLead,NonLead
"$1,950,000",6,6.5,"4,586","4,034",4303 16th st nw,NonLead,NonLead
"$925,000",3,3.5,"2,154","1,968",507 lamont st nw,Lead,Lead
"$1,148,500",3,2.5,"1,576","1,600",1121 c st ne,Lead,Lead
"$1,495,000",7,6.5,"5,934","5,400",3401 lowell st nw,Lead,Lead
"$5,100,000",6,7.5,"6,545",0.52,4435 cathedral ave nw,NonLead,NonLead
"$975,000",16,4.5+,,"6,935",508 58th st ne,NonLead,NonLead
"$950,000",11,2,"3,834","3,565",4602 hillside rd se,NonLead,NonLead
"$449,999",3,3.5,"1,412",640,140 danbury st sw,Lead,Lead
"$3,295,000",4,4.5,"4,051","9,200",4515 w st nw,NonLead,NonLead
"$1,215,000",8,,"2,800","3,557",4008 7th st ne,NonLead,NonLead
"$349,900",2,1,"1,008","3,013",315 anacostia ave ne,NonLead,NonLead
"$9,995,000",6,7.5+,"12,200",0.33,3131 chain bridge rd nw,NonLead,NonLead
"$695,000",4,3.5,"2,358","1,327",3627 hansberry ct ne,NonLead,NonLead
"$3,000,000",3,3.5,"2,839","4,698",3310 r st nw,NonLead,NonLead
"$680,000",3,1,"1,892","1,600",2114 4th st ne,NonLead,Lead
"$5,100,000",5,4.5,"5,587",0.58,4641 garfield st nw,NonLead,NonLead
"$1,385,000",2,2.5,"1,549","3,795",5212 macarthur blvd nw,Lead,Lead
"$1,439,500",4,4.5,"3,532","1,613",4505 15th st nw,Lead,Lead
"$449,900",3,2,"1,380","2,420",5084 just st ne,NonLead,NonLead
"$1,179,000",4,3.5,"2,146","1,020",163 u st nw,NonLead,NonLead
"$6,694,500",6,6.5+,"7,716",0.26,2838 chesterfield pl nw,NonLead,NonLead
"$810,000",Studio,,"2,999","4,335",1400 hamilton st nw,NonLead,NonLead
"$899,000",4,3.5,"1,620","1,620",917 delafield pl nw,Lead,Lead
"$599,000",12,6,"2,652","4,275",2916 2nd st se,NonLead,NonLead
"$689,000",4,2,"1,832","4,151",1508 montana ave ne,NonLead,NonLead
"$3,650,000",6,5.5,"5,976","2,750",2117 leroy pl nw,NonLead,NonLead
"$1,350,000",3,3,"2,010",973,318 7th st ne,NonLead,NonLead
"$275,000",2,1.5,"1,054","1,998",504 45th st ne,NonLead,NonLead
"$424,900",4,,"1,184","1,899",529 59th st ne,NonLead,NonLead
"$500,000",4,3.5,"1,788","2,040",928 perry pl ne,NonLead,NonLead
"$2,550,000",5,4.5,"3,040","9,375",3811 fulton st nw,NonLead,NonLead
"$7,500,000",Studio,1.5+,"9,091","4,228",1816 jefferson pl nw,NonLead,NonLead
"$890,000",4,3.5,"2,176","1,637",1508 d st ne,NonLead,NonLead
"$375,000",3,2,"1,390","3,194",4243 dix st ne,NonLead,Lead
"$1,349,900",4,3.5+,"2,500","2,332",64 bryant st nw,NonLead,Lead
"$2,425,000",4,3.5,"4,044","8,312",4014 linnean ave nw,NonLead,NonLead
"$549,000",3,1,"1,850","1,400",617 longfellow st nw,NonLead,Lead
"$699,900",3,2,"1,120","1,239",1521 1st st sw,NonLead,NonLead
"$3,575,000",6,6.5+,"8,082","3,949",2735 cathedral ave nw,NonLead,NonLead
"$5,300,000",6,5.5,"5,356","8,062",1406 34th st nw,NonLead,NonLead
"$685,000",7,4,"2,320","2,243",724 rock creek church rd nw,NonLead,Lead
"$1,199,999",4,3,"2,997","5,750",1431 holly st nw,NonLead,NonLead
"$909,900",12,,"4,700","2,400",1609 t st se,NonLead,NonLead
"$799,000",4,2.5,"1,651","4,086",5113 western ave nw,NonLead,NonLead
"$1,115,000",4,3.5,"2,123","3,559",4001 16th st nw,NonLead,NonLead
"$1,995,000",5,4.5,"3,354","6,574",6005 utah ave nw,NonLead,NonLead
"$475,000",4,3.5,"1,500","1,640",629 columbia rd nw,Lead,Lead
"$2,295,000",3,2.5,"1,887","2,499",1614 34th st nw,NonLead,NonLead
"$2,595,000",4,1.5,"5,528","1,852",2010 hillyer pl nw,NonLead,NonLead
"$2,999,500",4,4.5+,"3,500","1,831",3525 winfield ln nw,NonLead,NonLead
"$3,295,000",5,4.5,"3,900",0.24,5110 cathedral ave nw,NonLead,NonLead
"$920,000",2,2,"1,413","1,307",425 5th st ne,NonLead,NonLead
"$1,500,000",4,1.5,"2,508","1,209",328 5th st se,NonLead,Lead
"$494,000",3,2,"1,633",986,225 cromwell ter ne,NonLead,Lead
"$1,350,000",3,3.5,"2,114","2,160",4114 arkansas ave nw,NonLead,NonLead
"$1,695,000",7,5.5,"4,520","2,600",1309 kenyon st nw,NonLead,NonLead
"$1,950,000",7,6.5,"3,600","1,808",1312 fairmont st nw,NonLead,NonLead
"$3,495,000",4,4.5,"3,900","2,000",1735 19th st nw,NonLead,Lead
"$550,000",3,2.5,"2,184","3,438",1444 minnesota ave se,NonLead,NonLead
"$799,900",8,5.5,"4,450","4,000",219 56th pl ne,NonLead,NonLead
"$1,689,000",4,3.5,"2,449","1,853",1436 corcoran st nw,NonLead,NonLead
"$1,850,000",6,4.5,"5,848","8,068",5125 52nd st nw,NonLead,NonLead
"$515,000",3,2.5,"1,634","2,750",128 56th st se,NonLead,NonLead
"$789,000",3,2,"1,792","1,386",129 u st ne,NonLead,Lead
"$4,275,000",,,,0.78,2701 32nd st nw,NonLead,NonLead
"$2,395,000",4,4,"3,095","2,185",3317 dent pl nw,NonLead,NonLead
"$1,149,000",4,3.5,"2,704","2,100",4411 iowa ave nw,Lead,Lead
"$2,100,000",7,3.5,"4,341","2,100",1730 lamont st nw,NonLead,Lead
"$750,000",4,2.5,"1,928","1,500",441 newton pl nw,NonLead,NonLead
"$689,900",3,2.5,"2,068","2,693",5814 3rd st nw,NonLead,NonLead
"$1,595,000",3,2.5+,"2,466","1,182",4543 westhall dr nw,NonLead,NonLead
"$590,000",3,2.5,"1,732","1,782",805 longfellow st nw,NonLead,Lead
"$3,795,000",6,4.5+,"5,650","5,384",3306 highland pl nw,NonLead,NonLead
"$1,999,900",6,3.5,"3,594","2,180",1831 mintwood pl nw,NonLead,Lead
"$1,999,900",8,4.5,"3,594","2,180",1831 mintwood pl nw,NonLead,Lead
"$3,490,000",4,4.5,"4,692","4,825",2426 tracy pl nw,NonLead,NonLead
"$575,000",3,2,"2,125","3,882",3717 22nd st ne,NonLead,NonLead
"$669,900",4,3,"2,336","5,144",3473 massachusetts ave se,NonLead,NonLead
"$650,000",3,1.5+,"2,280","2,737",5720 3rd pl nw,NonLead,NonLead
"$2,295,000",5,3.5,"3,614","7,500",4522 lowell st nw,NonLead,NonLead
"$825,000",2,2,"1,014",871,427 12th st se,NonLead,NonLead
"$490,000",3,2.5,"1,700","4,472",4905 8th st ne,NonLead,NonLead
"$444,573",3,3,"1,637",675,668 kenneth st ne,NonLead,NonLead
"$444,573",3,3,"1,637",675,668 kenneth st ne,NonLead,NonLead
"$499,000",4,2,"2,667","2,875",4604 blaine st ne,NonLead,NonLead
"$499,000",4,2,"2,667","2,875",4604 blaine st ne,NonLead,NonLead
"$1,695,000",7,3.5,"3,750","3,488",2928 upton st nw,NonLead,NonLead
"$500,000",4,2,"1,335","3,759",2907 carlton ave ne,NonLead,NonLead
"$900,000",3,1.5,"1,382","1,058",1844 8th st nw,NonLead,NonLead
"$620,000",3,2,"1,760","3,600",1834 capitol ave ne,NonLead,NonLead
"$2,495,000",6,3.5+,"2,733","1,135",301 maryland ave ne,NonLead,NonLead
"$1,249,000",4,3.5,"2,240","1,560",608 h st sw,NonLead,NonLead
"$1,000,000",3,2.5,"1,500",803,1416 3rd st nw,NonLead,NonLead
"$1,100,000",5,0.5+,"1,305","1,494",1230 17th st nw,NonLead,NonLead
"$265,000",2,1.5,"1,090","2,149",3113 20th st se,NonLead,NonLead
"$2,500,000",3,2,"1,156","1,152",1521 11th st nw,NonLead,NonLead
"$438,800",4,2,"1,190","2,313",4214 edson pl ne,NonLead,NonLead
"$2,093,000",4,3.5,"2,830","2,338",717 massachusetts ave ne,Lead,Lead
"$3,300,000",5,5.5,"4,265","2,555",3726 r st nw,NonLead,NonLead
"$595,000",4,4.5,"2,306","4,892",3219 5th st se,Lead,Lead
"$5,245,000",5,6.5,"5,216","2,644",2122 s st nw,NonLead,NonLead
"$435,000",2,2,"1,664","1,474",329 35th st ne,NonLead,NonLead
"$819,900",3,2,"1,814","2,745",1225 randolph st nw,NonLead,NonLead
"$435,000",3,3,"1,930","3,760",210 division ave ne,NonLead,NonLead
"$1,599,900",5,3.5,"3,637","2,540",4215 16th st nw,Lead,Lead
"$4,700,000",5,6.5,"8,159",0.25,2708 44th st nw,NonLead,NonLead
"$3,495,000",5,6.5,"4,210","9,609",1816 45th st nw,NonLead,NonLead
"$2,195,000",4,3.5,"2,316","2,381",1652 33rd st nw,NonLead,NonLead
"$749,000",8,,"3,044","4,182",1508 v st se,NonLead,NonLead
"$849,900",4,3.5,"2,576","6,300",1719 evarts st ne,NonLead,NonLead
"$875,000",4,3.5,"1,704","3,768",1386 nicholson st nw,Lead,Lead
"$499,500",5,3,"2,280","3,806",3671 camden st se,NonLead,NonLead
"$945,000",3,3.5,"1,801","1,000",1008 fairmont st nw,NonLead,Lead
"$325,000",5,2.5,"1,454","5,423",3338 brothers pl se,NonLead,NonLead
"$1,125,000",4,,"2,856","2,178",3602 13th st nw,NonLead,NonLead
"$1,599,000",5,4.5,"3,272","4,375",1634 nicholson st nw,Lead,Lead
"$1,365,000",4,3.5,"2,335","1,043",1928 6th st nw,NonLead,Lead
"$750,000",3,2,"1,855","6,795",6118 sligo mill rd ne,NonLead,NonLead
"$750,000",3,2,"1,855","6,795",6118 sligo mill rd ne,NonLead,NonLead
"$989,000",3,2.5,"1,552","1,307",630 13th st ne,NonLead,NonLead
"$685,000",4,2.5,"1,502","2,090",615 kensington pl ne,NonLead,NonLead
"$825,000",3,2.5,"1,688","1,372",433 15th st ne,NonLead,NonLead
"$1,975,000",5,4.5,"3,162","4,500",5109 44th st nw,NonLead,NonLead
"$789,000",3,3,"2,709","5,070",3024 q st se,NonLead,NonLead
"$519,000",4,2,"1,664","2,940",4040 d st se,NonLead,NonLead
"$799,950",3,2.5,"2,252","3,360",1351 franklin st ne,NonLead,NonLead
"$525,000",4,,"2,516","4,067",5133 astor pl se,NonLead,NonLead
"$875,000",4,3.5,"2,139","1,525",4608 iowa ave nw,NonLead,NonLead
"$664,900",4,2.5,"1,596","1,419",616 somerset pl nw,NonLead,NonLead
"$2,450,000",5,5.5,"4,699","4,482",4611 43rd st nw,NonLead,NonLead
"$1,250,000",4,3.5,"3,146","7,500",7729 16th st nw,NonLead,NonLead
"$400,000",4,1.5,"1,905","1,695",5046 central ave se,NonLead,NonLead
"$819,000",3,1.5,"1,136",882,2244 12th pl nw,NonLead,NonLead
"$1,099,000",3,1.5,"1,278","3,833",3401 quebec st nw,NonLead,NonLead
"$1,399,900",3,2,"1,614",952,1738 v st nw,NonLead,Lead
"$725,000",3,2.5,"2,214","5,062",3600 28th st ne,NonLead,NonLead
"$1,850,000",4,4,"3,827","8,000",5100 macomb st nw,NonLead,NonLead
"$450,000",4,2.5+,"1,646","1,509",2702 2nd st se,NonLead,NonLead
"$1,137,000",4,,"2,085","1,637",1529 6th st nw,NonLead,NonLead
"$1,550,000",4,4.5,"2,280","1,526",1312 d st se,NonLead,NonLead
"$4,995,000",7,5.5,"5,960",0.68,2830 chesterfield pl nw,NonLead,NonLead
"$1,240,000",4,3.5,"2,050","2,093",1608 potomac ave se,NonLead,NonLead
"$4,895,000",7,6.5,"6,493","9,505",3025 university ter nw,NonLead,NonLead
"$1,999,900",3,3,"2,364","2,588",2449 p st nw,NonLead,NonLead
"$675,000",3,1.5,"1,328","1,024",1307 emerald st ne,NonLead,NonLead
"$580,000",3,1,"1,573","2,732",2809 myrtle ave ne,NonLead,NonLead
"$1,379,000",3,2.5+,"2,541","1,216",3508 whitehaven pkwy nw,NonLead,NonLead
"$879,900",4,3.5,"2,448","2,178",518 irving st nw,NonLead,NonLead
"$2,150,000",4,4.5,"3,375","2,640",4017 mansion dr nw,NonLead,NonLead
"$1,995,000",5,4.5,"5,323",0.25,1809 parkside dr nw,NonLead,NonLead
"$3,450,000",5,5,"5,826",0.27,5833 potomac ave nw,NonLead,NonLead
"$1,400,000",4,2.5,"3,206","8,775",3511 15th st ne,NonLead,NonLead
"$1,000,000",4,3.5,"2,584","2,000",78 q st nw,NonLead,NonLead
"$450,000",4,2,958,"8,738",1450 eastern ave ne,Lead,Lead
"$750,000",8,,,"3,343",44 forrester st sw,NonLead,NonLead
"$284,000",3,1.5,"1,202","8,260",4840 hayes st ne,Lead,Lead
"$3,495,000",6,6.5,"5,664","5,000",4915 western ave nw,NonLead,NonLead
"$569,000",3,2.5,"1,856","1,600",1507 downing st ne,NonLead,NonLead
"$1,275,000",2,2.5,"1,528",900,1247 31st st nw,NonLead,NonLead
"$999,900",3,1.5,"1,372","1,440",640 l st ne,NonLead,NonLead
"$325,000",3,1.5,"2,063","3,358",123 raleigh st se,NonLead,NonLead
"$3,990,000",6,5.5,"4,482","2,481",1696 31st st nw,NonLead,NonLead
"$6,500,000",Studio,0.5,"8,685","2,500",2211 massachusetts ave nw,NonLead,NonLead
"$624,900",5,,"2,572","4,100",2726 fort baker dr se,NonLead,NonLead
"$624,900",5,3,"2,572","4,100",2726 fort baker dr se,NonLead,NonLead
"$550,000",3,2,"1,618","8,253",3052 monroe st ne,NonLead,NonLead
"$839,000",Studio,0.5+,"1,847","1,200",211 k st ne,NonLead,Lead
"$825,000",3,1.5,"1,692","1,092",635 orleans pl ne,NonLead,NonLead
"$1,999,000",5,4.5,"2,852","1,305",952 westminster st nw,NonLead,NonLead
"$342,095",3,2.5,"1,550","1,480",2004 trenton pl se,NonLead,NonLead
"$625,000",2,1,"1,016","1,429",713 euclid st nw,NonLead,NonLead
"$1,375,000",3,3.5,"2,650","1,800",2021 1st st nw,NonLead,NonLead
"$1,375,000",3,3.5,"2,650","1,800",2021 1st st nw,NonLead,NonLead
"$2,995,000",4,3,"2,704","1,080",1604 13th st nw,NonLead,NonLead
"$350,000",4,2.5,"1,803","3,688",2605 33rd st se,NonLead,NonLead
"$350,000",4,2.5,"1,803","3,688",2605 33rd st se,NonLead,NonLead
"$2,750,000",5,5.5,"3,014","1,665",1689 35th st nw,NonLead,Lead
"$1,399,000",4,4.5,"4,124","2,880",2727 unicorn ln nw,NonLead,NonLead
"$1,249,000",3,2,"1,828","2,250",3712 manor pl nw,NonLead,NonLead
"$1,750,000",5,4,"4,248","1,826",2608 cathedral ave nw,NonLead,Lead
"$779,000",3,1.5,"1,600","1,299",1214 half st sw,NonLead,Lead
"$1,598,000",4,3.5,"2,385","1,125",900 8th st ne,NonLead,Lead
"$2,195,000",5,5.5,"5,792","5,058",5363 29th st nw,NonLead,NonLead
"$849,000",4,3.5,"2,315","1,672",1504 montello ave ne,NonLead,NonLead
"$1,198,000",3,3.5,"2,324","1,200",1002 k st ne,NonLead,Lead
"$1,650,000",6,4,"6,000","3,707",1324 kenyon st nw,NonLead,NonLead
"$400,000",5,2,"1,584","2,762",2412 18th st se,NonLead,NonLead
"$214,900",2,1,"1,360","2,659",3222 5th st se,Lead,Lead
"$925,000",4,4,"1,512","2,268",4229 jenifer st nw,Lead,Lead
"$850,000",8,4,"3,164","2,703",1230 penn st ne,NonLead,NonLead
"$319,000",3,1,"1,285","2,103",2022 savannah pl se,NonLead,NonLead
"$1,400,000",3,1.5,"1,777","1,485",803 t st nw,NonLead,NonLead
"$1,995,000",3,3.5,"3,478","2,310",3928 highwood ct nw,NonLead,NonLead
"$799,900",2,2,"1,536","1,760",2224 13th st nw,Lead,Lead
"$619,000",6,3,"2,436","4,000",5107 call pl se,NonLead,NonLead
"$1,250,000",3,2,"1,753","4,630",5136 nebraska ave nw,NonLead,NonLead
"$475,000",3,2,"1,600","4,000",5336 d st se,NonLead,NonLead
"$1,398,500",4,3.5,"2,782","3,017",1601 d st ne,NonLead,NonLead
"$1,195,000",4,2.5,"2,569","1,584",1839 ontario pl nw,NonLead,Lead
"$2,200,000",8,5.5,"3,185","1,880",1310 park rd nw,NonLead,NonLead
"$999,999",4,4.5,"2,800","2,447",414 shepherd st nw,NonLead,NonLead
"$629,000",3,2.5,"1,484","1,333",3617 18th st ne,NonLead,NonLead
"$424,999",7,6,"4,000","7,826",5105 lee st ne,NonLead,NonLead
"$500,000",4,2.5,"1,736","2,242",3958 ames st ne,NonLead,NonLead
"$349,000",2,2,"1,408","5,231",4433 texas ave se,NonLead,NonLead
"$1,250,000",5,3.5,"2,172","4,400",512 van buren st nw,NonLead,NonLead
"$300,000",3,1.5,"1,807","6,769",4012 1st pl sw,NonLead,NonLead
"$999,999",3,2.5,"2,393","5,187",1310 kennedy st nw,NonLead,NonLead
"$545,000",4,2.5,"2,124","6,367",1395 morris rd se,NonLead,Lead
"$749,900",2,1.5,"1,062",998,819 9th st ne,NonLead,NonLead
"$915,000",8,4,"2,880","6,190",3919 r st se,NonLead,NonLead
"$665,000",2,1.5,924,612,813 12th st ne,NonLead,NonLead
"$470,000",2,2,"2,122","5,750",115 50th st ne,NonLead,NonLead
"$905,000",3,2,"1,440","2,217",515 kentucky ave se,NonLead,Lead
"$575,000",3,2,"1,716","2,388",3208 21st st se,NonLead,NonLead
"$7,995,000",6,6.5+,"5,254",0.36,1644 avon pl nw,NonLead,NonLead
"$3,398,000",4,4.5+,"4,368","2,750",2127 leroy pl nw,NonLead,NonLead
"$995,000",5,3.5,"2,214","2,553",311 farragut st nw,NonLead,NonLead
"$1,199,950",5,3,"2,675","1,308",134 f st se,NonLead,NonLead
"$999,900",4,3.5,"2,096","5,000",3317 9th st ne,NonLead,NonLead
"$210,000",3,1,"1,416","2,090",3329 dubois pl se,NonLead,NonLead
"$889,000",3,1.5,"1,236","1,608",1118 i st se,NonLead,NonLead
"$1,375,000",4,4.5,"3,436","5,226",200 rittenhouse st nw,NonLead,NonLead
"$695,000",3,2.5+,"2,236",,3233 theodore r hagans dr ne,NonLead,NonLead
"$364,000",2,1,"1,014",0.25,2208 r st se,Lead,Lead
"$630,000",3,1,"1,122","1,665",619 columbia rd nw,NonLead,NonLead
"$1,449,900",4,3.5,"2,406","2,478",2317 37th st nw,NonLead,NonLead
"$1,579,900",4,3.5,"2,100","1,899",322 8th st se,NonLead,NonLead
"$985,000",4,3.5,"2,285","3,590",6922 9th st nw,NonLead,NonLead
"$600,000",3,1.5,"1,120","1,676",3216 8th st ne,NonLead,NonLead
"$1,299,000",5,5.5,"4,600","7,283",2827 brentwood rd ne,Lead,Lead
"$3,999,000",7,6,"8,039",0.26,5002 hurst ter nw,NonLead,NonLead
"$800,000",3,2,"2,324","1,200",1004 k st ne,NonLead,Lead
"$899,999",3,1.5,"1,638","3,634",1249 morse st ne,NonLead,NonLead
"$425,000",3,2,"3,572","6,640",960 division ave ne,NonLead,NonLead
"$699,000",4,2,"1,752","3,747",4729 10th st ne,NonLead,NonLead
"$799,900",4,3.5,"2,104","2,622",722 webster st nw,Lead,Lead
"$1,095,000",3,3.5,"1,650","1,238",1306 c st ne,NonLead,NonLead
"$3,395,000",5,5.5,"4,933","3,722",1601 38th st nw,Lead,Lead
"$1,150,000",1,,"1,200","1,890",1671 wisconsin ave nw,NonLead,NonLead
"$439,900",3,2,"1,053","2,567",166 35th st ne,NonLead,NonLead
"$745,000",8,,"2,520","1,841",2234 s st se,NonLead,NonLead
"$575,000",4,3,"1,604","5,306",4322 h st se,NonLead,NonLead
"$750,000",4,2,"2,205","3,881",3613 22nd st ne,NonLead,NonLead
"$1,495,000",5,3.5,"2,883","4,590",4820 alton pl nw,NonLead,NonLead
"$619,000",4,3.5,"2,016","5,512",4448 alabama ave se,NonLead,NonLead
"$815,000",3,2.5,"1,312","1,120",1402 1st st sw,NonLead,Lead
"$900,000",3,1,"1,906","1,375",749 girard st nw,Lead,Lead
"$1,199,900",3,3.5,"1,355",924,1924 35th pl nw,NonLead,Lead
"$1,189,000",5,4.5,"3,100","6,214",3120 newton st ne,NonLead,NonLead
"$2,950,000",7,2.5,"2,453","1,800",1425 w st nw,NonLead,NonLead
"$3,400,000",4,4.5+,"4,836","2,125",2121 s st nw,NonLead,NonLead
"$1,320,000",7,3,"2,708","2,697",3002 11th st nw,NonLead,NonLead
"$1,575,000",4,3.5,"2,362","1,616",922 8th st ne,NonLead,NonLead
"$1,295,000",4,2,"1,994","1,813",1545 44th st nw,NonLead,Lead
"$1,250,000",4,3,"2,238","1,158",1604 5th st nw,NonLead,NonLead
"$999,813",3,2.5,"1,787","5,762",4417 colorado ave nw,NonLead,NonLead
"$739,000",3,3.5,"1,770","1,782",816 madison st nw,Lead,Lead
"$599,999",3,1,"1,774","1,595",1206 staples st ne,NonLead,Lead
"$400,000",3,1.5,"1,486","2,000",310 57th st ne,NonLead,NonLead
"$680,000",3,2.5+,"2,676","2,530",3280 theodore r hagans dr ne,NonLead,NonLead
"$750,000",3,2.5,"1,909","8,253",3102 monroe st ne,NonLead,NonLead
"$300,000",3,1,"1,751","4,089",4527 foote st ne,NonLead,NonLead
"$699,999",4,2,"1,749",920,36 u st nw,NonLead,NonLead
"$1,175,000",5,4.5,"2,784","4,023",4729 13th st nw,Lead,Lead
"$1,525,000",4,2.5,"2,318","2,000",1916 11th st nw,NonLead,NonLead
"$895,000",4,2.5,"2,047","1,321",159 adams st nw,NonLead,Lead
"$700,000",4,2.5,"3,778","7,852",2423 34th st se,NonLead,NonLead
"$1,249,000",4,3.5,"2,588","1,615",4318 15th st nw,NonLead,NonLead
"$427,500",2,1,"1,150","4,360",1208 42nd pl ne,NonLead,NonLead
"$799,000",4,3.5,"1,800","1,006",53 farragut pl nw,NonLead,NonLead
"$485,000",3,1,"1,654","1,930",809 tewkesbury pl nw,NonLead,NonLead
"$915,000",4,4,"1,958","2,788",7329 12th st nw,NonLead,NonLead
"$1,499,000",4,3,"3,436","7,590",5168 linnean ter nw,NonLead,NonLead
"$1,545,000",4,3.5,"2,390","1,368",1908 new hampshire ave nw,NonLead,NonLead
"$599,993",3,2,"1,655","2,646",722 buchanan st ne,NonLead,NonLead
"$899,000",3,2.5,"2,909","1,000",1205 new jersey ave nw,NonLead,NonLead
"$1,200,000",5,3,"3,696","1,800",8 rhode island ave nw,Lead,Lead
"$599,000",4,2.5,"1,488","1,200",2248 mount view pl se,NonLead,NonLead
"$599,000",3,2,"1,593","4,750",2118 rand pl ne,NonLead,NonLead
"$3,000,000",8,,"4,063","1,825",5309 connecticut ave nw,NonLead,NonLead
"$4,800,000",6,5.5+,"5,791",0.31,5169 tilden st nw,NonLead,NonLead
"$1,399,999",4,3.5,"2,324","1,378",909 11th st ne,NonLead,Lead
"$389,900",2,2,"1,255","2,464",138 forrester st sw,NonLead,NonLead
"$1,275,000",4,3.5,"2,628","1,707",414 15th st se,Lead,Lead
"$400,000",4,2.5,"1,310","1,584",1525 morris rd se,NonLead,NonLead
"$1,499,000",16,,"4,628","5,895",1309 holbrook st ne,NonLead,NonLead
"$599,000",3,1,864,960,747 hobart pl nw,NonLead,NonLead
"$965,000",2,2,"1,116",460,978 florida ave nw,NonLead,NonLead
"$799,900",4,,"2,368","2,560",1805 i st ne,NonLead,NonLead
"$6,200,000",4,4.5,"3,700","3,732",1352 28th st nw,NonLead,NonLead
"$750,000",4,1.5,"1,829","1,539",1336 newton st nw,Lead,Lead
"$849,000",3,2,"1,840","1,964",1706 bay st se,NonLead,NonLead
"$625,000",3,2,"1,470","1,600",549 24th st ne,NonLead,NonLead
"$1,399,000",4,3.5,"2,550","1,620",53 quincy pl ne,NonLead,NonLead
"$679,998",3,1.5,948,"1,740",248 14th pl ne,NonLead,NonLead
"$1,599,999",1,,"3,721","1,400",320 maryland ave ne,NonLead,NonLead
"$749,000",3,1,"1,080","1,050",2623 sherman ave nw,NonLead,Lead
"$1,190,000",5,3.5,"3,106","7,500",7822 16th st nw,NonLead,NonLead
"$2,225,000",4,4,"4,192","1,920",1903 kalorama rd nw,NonLead,NonLead
"$1,000,000",4,,"2,800","2,975",3918 10th st ne,NonLead,NonLead
"$895,000",5,3.5,"1,326","5,231",2809 26th st ne,NonLead,NonLead
"$1,449,900",4,0.5+,"3,827","3,962",1533 9th st nw,NonLead,NonLead
"$479,900",3,2,"1,533","1,250",409 savannah st se,NonLead,Lead
"$939,000",4,3.5,"1,997","1,298",1277 owen pl ne,NonLead,Lead
"$724,900",4,3,"1,860","3,199",2819 r st se,NonLead,NonLead
"$845,000",6,,"2,990","2,925",2201 q st se,NonLead,NonLead
"$845,000",6,4,"2,990","2,925",2201 q st se,NonLead,NonLead
"$3,750,000",11,3.5+,"4,358","1,394",1314 19th st nw,NonLead,NonLead
"$2,200,000",4,3,"2,250","2,300",416 independence ave se,NonLead,NonLead
"$2,200,000",4,3,"2,250","2,300",416 independence ave se,NonLead,NonLead
"$1,100,000",3,2.5,"1,722","1,376",510 florida ave nw,NonLead,NonLead
"$574,900",3,2.5,"1,622","3,000",613 buchanan st ne,NonLead,NonLead
"$675,000",3,1,"1,717","1,413",3555 holmead pl nw,Lead,Lead
"$725,000",3,2.5,"1,972","1,607",614 emerson st nw,Lead,Lead
"$1,100,000",4,3.5,"2,300","2,565",518 buchanan st nw,NonLead,NonLead
"$650,000",3,1.5,"1,200","1,120",1410 a st ne,NonLead,Lead
"$1,145,000",4,3.5,"2,384","2,188",1305 maryland ave ne,NonLead,Lead
"$860,000",3,1.5,"1,440",498,1021 3rd pl se,NonLead,NonLead
"$699,900",3,1.5,"1,490","2,727",1414 morse st ne,Lead,Lead
"$870,000",3,1.5,"1,920","1,064",1352 pennsylvania ave se,Lead,Lead
"$1,485,000",3,3,"2,194","1,728",3815 benton st nw,Lead,Lead
"$405,000",2,1.5,768,756,536 hobart pl nw,NonLead,Lead
"$799,000",3,1,"1,384","1,120",919 f st ne,NonLead,NonLead
"$649,000",4,,"2,436","3,802",1118 46th st ne,NonLead,NonLead
"$585,000",5,,"2,447","3,342",4253 brooks st ne,NonLead,NonLead
"$849,500",3,2.5+,"2,202","1,472",1531 isherwood st ne,NonLead,Lead
"$715,000",3,2.5,"2,015","1,688",1408 morse st ne,Lead,Lead
"$651,900",3,1,"1,020","2,501",1264 neal st ne,NonLead,Lead
"$870,000",3,3.5,"1,457","1,800",5217 new hampshire ave nw,NonLead,NonLead
"$445,000",4,3,"2,095","6,875",420 chesapeake st se,NonLead,NonLead
"$765,000",6,,"1,700","1,983",1638 16th st se,NonLead,NonLead
"$765,000",6,2.5+,"1,700","1,983",1638 16th st se,NonLead,NonLead
"$429,000",4,2,"1,274","4,217",2407 pomeroy rd se,Lead,Lead
"$849,000",6,3,"2,652","3,605",3583 13th st nw,NonLead,NonLead
"$525,000",3,2,"1,543","2,970",1250 delafield pl ne,NonLead,NonLead
"$699,990",4,3.5,"1,565",930,202 adams st ne,NonLead,NonLead
"$429,900",3,2,"1,479","1,870",502 chesapeake st se,NonLead,NonLead
"$950,000",3,1.5,"2,092","1,215",905 c st ne,Lead,Lead
"$500,000",3,2,"2,444","3,301",3349 martin luther king jr ave se,NonLead,NonLead
"$799,369",6,3,"1,944","1,856",724 8th st ne,Lead,Lead
"$799,369",6,3,"1,944","1,856",724 8th st ne,Lead,Lead
"$649,999",3,2.5,"1,683","2,500",2104 32nd pl se,NonLead,NonLead
"$575,000",4,2.5+,"2,272","4,000",5323 d st se,NonLead,NonLead
"$1,750,000",7,3,"3,653","2,472",1344 kenyon st nw,NonLead,Lead
"$1,249,500",3,2,"1,300","1,423",1523 caroline st nw,NonLead,NonLead
"$999,000",3,1.5,"1,440","1,200",328 g st ne,NonLead,NonLead
"$2,800,000",8,,"5,748","2,115",131 11th st ne,Lead,Lead
"$739,000",4,3,"2,055","1,660",2412 10th st ne,Lead,Lead
"$799,000",5,4.5,"2,590","2,508",3640 jamison st ne,NonLead,NonLead
"$799,000",5,4.5,"2,590","2,508",3640 jamison st ne,NonLead,NonLead
"$1,000,000",8,,"3,208","1,318",1306 orren st ne,NonLead,NonLead
"$839,999",4,2,"1,980","1,188",424 kenyon st nw,NonLead,Lead
"$310,000",2,1,868,"4,688",4233 clay st ne,NonLead,NonLead
"$429,000",3,1.5,960,"1,672",3348 blaine st ne,NonLead,NonLead
"$999,999",5,3,"2,631","4,478",22 randle cir se,NonLead,NonLead
"$449,000",2,1,800,"1,344",1151 summit st ne,NonLead,NonLead
"$1,594,900",5,4.5,"2,880","3,756",1514 emerson st nw,NonLead,Lead
"$875,000",3,2.5,"1,760","3,890",6635 harlan pl nw,NonLead,NonLead
"$437,500",3,2,"1,221","2,409",5557 central ave se,NonLead,NonLead
"$3,049,000",4,3.5,"4,440","8,723",3700 morrison st nw,NonLead,Lead
"$625,000",4,2,"1,656","3,914",1303 michigan ave ne,Lead,Lead
"$900,000",3,3.5,"1,692",824,563 regent pl ne,NonLead,NonLead
"$1,995,000",6,,"3,790","2,000",1631 a st se,NonLead,Lead
"$1,399,900",4,3.5,"2,970","1,283",5316 9th st nw,NonLead,NonLead
"$689,900",2,1,"1,428","1,200",1240 i st ne,NonLead,NonLead
"$675,000",3,2,"1,197","1,035",1606 f st ne,NonLead,Lead
"$599,900",4,2,"1,414","1,140",321 channing st ne,NonLead,NonLead
"$809,000",4,4,"2,880","3,108",2239 14th st se,NonLead,NonLead
"$324,000",3,2,"2,102","6,731",4112 martin luther king jr ave sw,NonLead,NonLead
"$825,000",3,3.5,"1,953","1,816",5515 4th st nw,NonLead,NonLead
"$734,900",4,3,"1,476","4,109",1358 maple view pl se,NonLead,Lead
"$379,000",3,1.5,"1,452","4,650",4449 b st se,NonLead,NonLead
"$949,900",3,2.5,"1,584","1,440",510 12th st ne,NonLead,NonLead
"$1,495,000",5,3.5,"2,312","1,630",122 randolph pl nw,NonLead,Lead
"$2,495,000",5,2,"2,800","1,002",3213 o st nw,NonLead,NonLead
"$699,000",14,6,"2,652","4,275",2908 2nd st se,NonLead,NonLead
"$685,000",4,3,"2,235","3,000",4524 south dakota ave ne,NonLead,NonLead
"$975,000",8,,"3,380","4,096",5938 13th pl nw,NonLead,NonLead
"$850,000",4,,"2,720","3,781",1324 bryant st ne,NonLead,NonLead
"$1,149,990",5,4.5,"3,140","1,848",655 columbia rd nw,NonLead,NonLead
"$2,545,000",5,5,"3,880","1,625",3139 n st nw,NonLead,NonLead
"$729,900",2,3.5,"1,405",696,909 columbia rd nw,NonLead,NonLead
"$860,000",3,2.5,"1,698","2,207",1325 queen st ne,NonLead,NonLead
"$585,000",3,2.5,750,"5,700",1335 irving st ne,Lead,Lead
"$399,900",3,2,800,"3,860",3206 d st se,NonLead,NonLead
"$1,645,000",4,3.5,"2,987","1,052",119 tennessee ave ne,Lead,Lead
"$775,000",4,2,"2,079","4,354",2225 s st ne,NonLead,NonLead
"$1,099,000",,,"1,279","1,608",428 warner st nw,NonLead,NonLead
"$1,100,000",5,2,"2,300","1,241",1104 7th st ne,NonLead,NonLead
"$1,192,000",4,3.5,"2,440","1,240",509 g st sw,NonLead,NonLead
"$1,595,000",6,3,"3,809","2,800",1848 3rd st nw,NonLead,Lead
"$1,495,000",5,3.5,"3,856","1,358",3101 19th st nw,NonLead,Lead
"$869,000",3,3,"2,738","1,769",817 kentucky ave se,Lead,Lead
"$740,000",3,2,"1,830","1,729",1418 a st se,NonLead,NonLead
"$699,000",3,1.5,"1,804","2,194",1311 queen st ne,NonLead,NonLead
"$975,000",4,3.5,"2,370","5,124",1367 underwood st nw,NonLead,NonLead
"$1,300,000",4,2,"2,881","4,697",2549 11th st nw,NonLead,NonLead
"$1,399,000",6,,"2,300","1,307",45 quincy pl nw,NonLead,NonLead
"$594,990",3,2,"1,024","1,840",437 19th st ne,NonLead,NonLead
"$599,000",4,2.5,"1,504","2,857",5153 7th st ne,NonLead,NonLead
"$565,000",3,3,"2,317","3,248",3000 franklin st ne,NonLead,Lead
"$1,100,000",3,3,"1,273","1,125",1345 v st nw,NonLead,NonLead
"$775,000",3,3.5,"2,052","1,716",53 hamilton st nw,NonLead,NonLead
"$810,000",3,2.5,"1,653","3,555",3318 16th st ne,NonLead,NonLead
"$750,000",4,2,"2,252","2,088",4207 3rd st nw,NonLead,NonLead
"$325,000",3,1.5,"1,528","1,260",1325 barnaby ter se,NonLead,NonLead
"$710,000",4,2,"1,590",850,3020 warder st nw,Lead,Lead
"$1,100,000",3,3,"2,150","1,974",2306 tunlaw rd nw,NonLead,NonLead
"$1,175,000",5,3.5,"2,715","2,109",3540 13th st nw,Lead,Lead
"$325,000",3,2,960,"1,624",3424 dix st ne,NonLead,NonLead
"$799,900",3,3.5,"1,815",945,436 lamont st nw,Lead,Lead
"$1,499,000",5,5.5,"3,210","1,729",1416 a st se,NonLead,NonLead
"$3,750,000",3,4.5,"4,201","3,140",3623 r st nw,NonLead,NonLead
"$3,750,000",3,4.5,"4,201","3,140",3623 r st nw,NonLead,NonLead
"$789,900",3,3.5,"1,581","1,393",727 roxboro pl nw,NonLead,NonLead
"$699,000",4,3.5,"1,832","5,898",2816 30th st ne,NonLead,NonLead
"$1,975,000",6,,"3,810","2,583",4725 3rd pl nw,NonLead,NonLead
"$1,100,000",6,,"3,668","5,050",4001 9th st ne,NonLead,NonLead
"$329,000",2,1.5,936,"1,407",1845 corcoran st ne,NonLead,NonLead
"$445,000",3,2,"1,392","2,226",3828 blaine st ne,NonLead,NonLead
"$1,845,000",4,4,"3,196","2,940",937 n st nw,NonLead,NonLead
"$859,000",8,4,"3,200","2,800",412 mellon st se,NonLead,NonLead
"$859,000",2,1,"3,200","2,800",412 mellon st se,NonLead,NonLead
"$559,000",5,2.5,"1,843","3,552",3964 ames st ne,NonLead,NonLead
"$1,999,000",5,4.5,"3,600","4,000",4601 chesapeake st nw,NonLead,NonLead
"$1,199,900",4,4,"3,599",0.27,1417 leegate rd nw,NonLead,NonLead
"$874,950",4,3,"2,861","2,877",1707 minnesota ave se,NonLead,NonLead
"$504,900",4,3,"1,500","1,893",2607 12th pl se,NonLead,NonLead
"$1,150,000",6,5,"3,300","2,811",2804 channing st ne,NonLead,Lead
"$943,500",3,2.5,"1,588",900,1407 a st se,Lead,Lead
"$2,145,000",4,,"2,147",711,1538 swann st nw,NonLead,NonLead
"$350,000",Studio,,"2,390","1,680",7141 georgia ave nw,Lead,Lead
"$560,000",3,2.5,"2,023","3,420",2429 skyland pl se,NonLead,NonLead
"$800,000",3,1,"1,568","1,756",1361 spring rd nw,NonLead,NonLead
"$699,900",4,3.5,"1,680","1,400",4214 14th st nw,NonLead,NonLead
"$948,500",2,2.5,"1,491","1,095",1500 1st st nw,NonLead,NonLead
"$1,299,000",5,4,"2,325","1,247",1001 kenyon st nw,NonLead,NonLead
"$2,450,000",5,4.5,"3,317","4,675",3105 38th st nw,Lead,Lead
"$1,150,000",6,1.5,"3,215","1,700",1733 1st st nw,Lead,Lead
"$615,000",4,2.5,"1,488","3,201",4505 6th pl ne,NonLead,NonLead
"$674,900",3,3.5,"1,584","1,600",2335 14th st ne,NonLead,NonLead
"$1,175,000",5,3.5,"2,523","2,541",1340 park rd nw,NonLead,NonLead
"$670,000",3,2.5,"2,178","2,569",726 quackenbos st nw,NonLead,NonLead
"$865,000",3,2,"1,825","1,790",439 luray pl nw,Lead,Lead
"$4,615,000",7,7.5+,"1,836",0.24,3326 quesada st nw,Lead,Lead
"$775,000",3,2.5,"1,802","1,464",545 23rd pl ne,NonLead,NonLead
"$1,800,000",1,1,"2,004","3,675",2921 12th st ne,NonLead,NonLead
"$409,900",4,2.5,"2,160","1,627",1412 shippen ln se,NonLead,NonLead
"$725,000",3,2.5,"1,796","1,300",1318 trinidad ave ne,Lead,Lead
"$749,999",4,3.5,"2,202","1,176",25 rhode island ave nw,NonLead,NonLead
"$1,099,900",4,3.5,"2,622","1,765",4138 7th st nw,NonLead,NonLead
"$1,200,000",4,3.5,"2,600","1,259",2106 2nd st nw,Lead,Lead
"$309,900",3,1,960,"4,000",5424 call pl se,NonLead,NonLead
"$1,285,000",3,3,"1,980",840,403 florida ave nw,NonLead,NonLead
"$249,990",2,2,"1,206","2,750",617 atlantic st se,NonLead,NonLead
"$690,000",3,1,918,"1,714",1943 capitol ave ne,NonLead,NonLead
"$1,250,000",3,3,"2,181","1,073",658 11th st ne,NonLead,Lead
"$1,290,000",4,3.5,"2,427","2,427",49 u st nw,NonLead,NonLead
"$399,000",3,1,"1,134","2,796",845 52nd st ne,NonLead,NonLead
"$520,000",3,2,"1,698","2,000",1528 w st ne,NonLead,NonLead
"$825,000",4,3.5,"1,640","3,250",2312 shannon pl se,NonLead,NonLead
"$689,000",3,2,"1,680","2,380",1348 w st ne,NonLead,NonLead
"$300,000",2,1,816,"2,344",4248 brooks st ne,NonLead,NonLead
"$875,000",3,2,"1,750","2,772",512 taylor st nw,NonLead,Lead
"$599,900",3,2,"1,254","1,495",1107 16th st ne,NonLead,NonLead
"$1,300,000",6,,"2,570",,4000 marlboro pl nw,NonLead,NonLead
"$1,300,000",6,,"2,570",,4000 marlboro pl nw,NonLead,NonLead
"$2,799,369",7,,"3,832",838,807 a st ne,NonLead,NonLead
"$1,200,000",4,,"3,360","2,780",449 manor pl nw,NonLead,NonLead
"$1,500,000",6,6,"2,549","1,611",461 delafield pl nw,NonLead,NonLead
"$569,000",6,2,"2,222",0.25,4915 nash st ne,Lead,Lead
"$1,900,000",5,,"5,500","2,043",1802 11th st nw,NonLead,NonLead
"$379,000",2,1,"1,176","9,429",2408 t st se,Lead,Lead
"$599,900",3,1.5,"2,344","8,522",2628 myrtle ave ne,NonLead,NonLead
"$979,900",3,2.5+,"3,774","5,680",2426 monroe st ne,Lead,Lead
"$849,000",4,2,"1,800","3,440",3901 17th pl ne,NonLead,NonLead
"$1,995,000",4,3.5,"3,196","1,900",1525 8th st nw,NonLead,NonLead
"$860,000",2,2,"1,520",813,716 13th st se,NonLead,NonLead
"$714,999",2,1.5,"1,008",817,907 12th st se,NonLead,NonLead
"$365,000",3,1.5,"1,364","3,113",1540 fort davis st se,NonLead,NonLead
"$589,900",4,3,"1,598","3,510",3020 7th st se,NonLead,NonLead
"$469,500",3,1.5+,"1,344","1,800",1807 29th st se,NonLead,NonLead
"$699,000",2,1,624,453,1529 27th st nw,NonLead,Lead
"$1,110,000",6,4,"2,901","4,000",3501 17th st ne,NonLead,Lead
"$509,000",3,1.5,"1,531","2,986",642 nicholson st ne,NonLead,NonLead
"$475,000",4,2.5,"1,866","3,828",3114 central ave ne,NonLead,NonLead
"$995,500",4,3.5,"1,914",978,511 regent pl ne,NonLead,NonLead
"$1,695,000",5,3.5,"3,521",0.23,3238 chestnut st nw,NonLead,NonLead
"$469,000",3,2.5,"1,588","1,760",611 forrester st se,NonLead,NonLead
"$499,900",2,1.5,728,792,627 18th st ne,Lead,Lead
"$299,900",3,2.5,"1,632","3,000",4220 fort dupont st se,NonLead,NonLead
"$1,575,000",8,3,"3,033",,1017 euclid st nw,NonLead,NonLead
"$949,500",5,3.5,"2,468","1,287",340 decatur st nw,NonLead,NonLead
"$675,000",3,3.5,"2,082","1,296",620 ava cir ne,NonLead,NonLead
"$949,900",4,4.5,"2,418","1,494",607 lancaster st ne,NonLead,NonLead
"$1,499,000",6,4,"3,270","3,128",1515 isherwood st ne,NonLead,NonLead
"$3,150,000",5,5.5,"4,000","2,281",3534 s st nw,NonLead,NonLead
"$847,000",8,,"3,144","2,702",1325 orren st ne,NonLead,NonLead
"$610,000",2,2,"1,292","1,217",1702 lang pl ne,NonLead,NonLead
"$385,000",3,2,"1,440","1,742",3353 croffut pl se,NonLead,NonLead
"$865,000",4,3.5,"1,656","1,524",1720 montello ave ne,NonLead,NonLead
"$2,150,000",5,4.5,"4,429","9,065",4230 mathewson dr nw,NonLead,NonLead
"$1,090,000",8,,"2,584","2,703",1231 queen st ne,NonLead,NonLead
"$1,090,000",8,,"2,584","2,703",1231 queen st ne,NonLead,NonLead
"$1,475,000",6,5,"4,350","7,100",3108 adams st ne,NonLead,NonLead
"$600,000",4,2.5,"2,052","5,212",4433 19th pl ne,NonLead,NonLead
"$630,000",6,,,991,2910 martin luther king jr ave se,NonLead,NonLead
"$429,000",3,2,"1,476","2,000",4613 meade st ne,NonLead,NonLead
"$719,999",3,2.5,"2,376","2,286",220 gallatin st nw,NonLead,NonLead
"$997,500",4,,"2,810","3,744",1017 17th pl ne,NonLead,NonLead
"$899,000",4,3.5,"1,913","1,620",1331 childress st ne,NonLead,NonLead
"$690,000",3,1.5,"1,057","1,800",1146 1st st nw,NonLead,NonLead
"$400,000",3,2,"2,283","4,938",4713 eads st ne,Lead,Lead
"$550,000",3,1.5,"1,368","2,224",1711 minnesota ave se,NonLead,NonLead
"$129,000",1,1,445,,2900 pomeroy rd se,NonLead,NonLead
"$1,200,000",3,2,"2,056","3,982",1016 rhode island ave ne,NonLead,NonLead
"$825,000",4,,"2,720","3,450",1647 v st se,NonLead,NonLead
"$849,900",4,3.5,"2,262","1,551",5507 8th st nw,NonLead,NonLead
"$515,000",4,2,"1,808","4,645",609 49th pl ne,Lead,Lead
"$649,900",4,3.5,"2,718","4,136",4815 meade st ne,NonLead,NonLead
"$549,900",3,3.5,"1,680","1,892",1242 faraday pl ne,NonLead,NonLead
"$799,000",2,1.5,972,756,2265 12th pl nw,NonLead,NonLead
"$899,000",6,4,"1,677","7,250",1227 michigan ave ne,NonLead,NonLead
"$749,900",3,2.5+,"2,397","2,751",5820 3rd pl nw,NonLead,NonLead
"$1,589,000",4,3.5,"2,110","2,475",3833 windom pl nw,NonLead,Lead
"$1,390,000",3,2.5,"1,922",951,335 6th st se,NonLead,NonLead
"$330,000",3,1.5,"1,591","2,513",4609 grant st ne,NonLead,NonLead
"$899,000",12,,"2,880","7,788",3204 28th st se,NonLead,NonLead
"$3,500,000",6,4.5,"4,600","2,281",3724 s st nw,NonLead,Lead
"$489,500",2,2,"1,248","1,504",3371 blaine st ne,NonLead,NonLead
"$489,500",2,2,"1,248","1,504",3371 blaine st ne,NonLead,NonLead
"$849,000",2,2,"1,559",638,834 11th st ne,Lead,Lead
"$555,000",2,1.5,"1,258","2,628",5709 3rd st ne,NonLead,NonLead
"$499,950",3,1.5,"1,408","1,600",2216 13th st ne,NonLead,NonLead
"$2,149,900",12,,"5,632","2,495",1111 holbrook ter ne,NonLead,NonLead
"$825,000",4,3.5,"1,831","2,826",235 ingraham st nw,NonLead,NonLead
"$1,475,000",5,3.5,"2,758","6,017",3355 military rd nw,NonLead,NonLead
"$1,150,000",4,3.5,"1,940","1,705",420 allison st nw,Lead,Lead
"$750,000",4,3.5,"1,614","1,224",1737 lang pl ne,NonLead,NonLead
"$675,000",3,2.5,"2,038","5,392",1421 34th st se,NonLead,NonLead
"$549,000",3,2.5+,"1,550","3,028",2706 knox st se,NonLead,NonLead
"$505,000",4,2,"2,376","1,419",1643 11th pl ne,NonLead,NonLead
"$620,000",3,2.5,"1,712","3,000",806 geranium st nw,NonLead,NonLead
"$695,900",4,3,"2,205","7,180",4421 13th pl ne,NonLead,NonLead
"$499,998",4,3,"1,700","4,000",5008 b st se,NonLead,NonLead
"$584,900",3,2.5,"1,582","3,001",4700 6th pl ne,NonLead,NonLead
"$575,000",2,2,960,"1,799",14 crittenden st ne,NonLead,NonLead
"$2,250,000",4,3.5,"3,058","4,558",4334 windom pl nw,NonLead,NonLead
"$650,000",3,2.5,"2,312","5,128",3739 o st se,NonLead,NonLead
"$305,000",3,2,"1,184","1,446",3655 horner pl se,NonLead,NonLead
"$670,000",4,3.5,"1,428","2,356",1331 montello ave ne,NonLead,Lead
"$600,000",3,2.5,"1,088","2,027",7527 8th st nw,NonLead,NonLead
"$559,900",4,2.5,"1,488","4,226",1604 25th st se,Lead,Lead
"$275,000",3,1.5,"1,436","3,750",139 wilmington pl se,NonLead,NonLead
"$760,000",3,2.5,"1,194",800,757 harvard st nw,NonLead,NonLead
"$689,900",4,2.5,"1,577","2,794",5235 chillum pl ne,NonLead,NonLead
"$899,900",3,2.5+,"2,558","3,645",5618 new hampshire ave ne,Lead,Lead
"$750,000",3,2,"1,760","1,761",5520 kansas ave nw,NonLead,NonLead
"$420,000",3,2,"1,849","2,498",1717 erie st se,NonLead,NonLead
"$449,999",3,2,"1,536","2,823",174 elmira st sw,NonLead,NonLead
"$565,000",5,3,"2,208","7,876",3020 channing st ne,NonLead,NonLead
"$369,000",2,1.5,"1,284","1,504",3334 alden pl ne,NonLead,Lead
"$800,000",4,2.5,"2,658","4,517",5933 16th st nw,NonLead,NonLead
"$395,000",2,1,902,"1,760",140 35th st ne,NonLead,NonLead
"$750,000",3,2,"1,760","2,850",515 crittenden st nw,NonLead,Lead
"$399,000",3,1,"1,645","2,417",3320 m st se,NonLead,NonLead
"$332,500",2,2.5,"1,080","1,482",906 blakney ln se,NonLead,NonLead
"$759,992",3,1,"1,530","2,400",1119 oates st ne,NonLead,NonLead
"$499,900",3,1.5,"1,530","1,152",1123 owen pl ne,NonLead,Lead
"$730,000",3,2.5,"1,224","1,575",322 18th st ne,NonLead,NonLead
"$649,900",4,2.5,"1,607","1,789",722 tewkesbury pl nw,NonLead,NonLead
"$625,000",2,,"1,536","1,518",310 19th st ne,NonLead,NonLead
"$729,900",3,1,"1,450","1,800",1302 shepherd st nw,NonLead,Lead
"$479,900",4,2.5,"1,744","2,386",756 upsal st se,NonLead,NonLead
"$479,114",2,2,"1,227","1,600",114 33rd st ne,NonLead,NonLead
"$995,000",4,3.5,"2,325","1,782",831 longfellow st nw,NonLead,Lead
"$1,000,000",3,1.5,"1,850","3,803",1224 brentwood rd ne,Lead,Lead
"$1,000,000",3,1.5,"1,850","3,803",1224 brentwood rd ne,Lead,Lead
"$1,299,000",4,2.5,"1,456","1,440",1704 constitution ave ne,NonLead,NonLead
"$350,000",2,1,"1,144","1,671",3356 baker st ne,NonLead,NonLead
"$979,000",4,3.5,"2,190","1,500",32 franklin st ne,NonLead,NonLead
"$1,185,000",9,4,"2,530","2,308",1226 irving st nw,NonLead,NonLead
"$1,200,000",4,,"2,368","2,304",2017 i st ne,NonLead,NonLead
"$2,000,000",3,1.5,,"1,425",439 q st nw,NonLead,Lead
"$649,999",3,3.5,"2,150","3,047",1411 42nd st se,NonLead,NonLead
"$1,195,000",Studio,,,"4,378",2333 fairlawn ave se,NonLead,NonLead
"$399,900",4,3,"1,843","3,185",3842 halley ter se,NonLead,NonLead
"$409,000",3,3.5,"1,714","3,011",4314 wheeler rd se,NonLead,NonLead
"$425,000",3,1.5,"1,516","4,222",25 mississippi ave se,NonLead,NonLead
"$425,000",3,1.5,"1,516","4,222",25 mississippi ave se,NonLead,NonLead
"$450,000",4,2,"1,520","4,800",1427 jackson st ne,Lead,Lead
"$580,000",2,1,900,"1,425",1415 ives pl se,Lead,Lead
"$479,999",4,1.5+,"1,588","2,590",1544 41st st se,NonLead,NonLead
"$1,375,000",4,3.5,"2,252",,1510 10th st nw,NonLead,NonLead
"$779,900",5,2.5,"2,016","1,038",1151 abbey pl ne,NonLead,Lead
"$649,900",4,3.5,"1,548","3,709",1261 gallatin st ne,NonLead,NonLead
"$424,900",3,2.5,"1,252","1,152",1438 howard rd se,NonLead,NonLead
"$365,000",2,2,"1,094","2,208",2332 14th pl se,NonLead,NonLead
"$449,000",3,2.5,"1,782","2,188",1373 morris rd se,NonLead,NonLead
"$795,000",4,1.5,"1,625","1,500",1526 spring pl nw,NonLead,Lead
"$770,000",3,3,"1,686","1,307",1820 c st ne,NonLead,NonLead
"$399,000",2,1.5,"1,118","1,217",1709 lang pl ne,NonLead,NonLead
"$679,500",4,2.5,"1,500","4,220",825 kennedy st ne,NonLead,NonLead
"$1,400,000",,,"2,400","2,700",1867 kendall st ne,NonLead,NonLead
"$850,000",4,2.5,"2,138","3,185",448 park rd nw,NonLead,NonLead
"$690,000",3,2.5+,"2,848",0.26,2510 branch ave se,NonLead,NonLead
"$825,000",4,3,840,"2,410",829 48th pl ne,NonLead,NonLead
"$650,000",4,2,"1,462","1,794",5513 3rd st nw,Lead,Lead
"$880,000",2,1.5,888,588,817 25th st nw,NonLead,NonLead
"$1,595,000",5,3.5,"2,310","3,372",929 t st nw,NonLead,NonLead
"$700,000",3,1,"1,752","2,466",217 channing st ne,NonLead,Lead
"$1,250,000",3,2.5,"1,800",924,1928 35th pl nw,NonLead,Lead
"$1,499,900",3,1.5,"1,667","1,748",3303 sherman ave nw,NonLead,Lead
"$1,495,000",5,4,"2,476","1,615",3831 military rd nw,NonLead,NonLead
"$1,100,000",5,2.5,"2,522","1,621",929 potomac ave se,NonLead,NonLead
"$550,000",4,2,"1,558","4,365",1822 t st se,NonLead,NonLead
"$489,000",3,2,"1,443","3,252",850 yuma st se,NonLead,NonLead
"$1,650,000",5,4,"2,970","1,260",319 c st se,NonLead,NonLead
"$1,650,000",5,4,"2,970","1,260",319 c st se,NonLead,NonLead
"$449,900",3,1,"1,624",690,1111 6th st ne,NonLead,NonLead
"$449,900",3,1,"1,624",690,1111 6th st ne,NonLead,NonLead
"$869,000",4,3.5,"1,886","1,468",1502 trinidad ave ne,NonLead,Lead
"$869,000",4,3.5,"1,886","1,468",1502 trinidad ave ne,NonLead,Lead
"$435,000",3,,"1,988","2,063",2902 s st se,NonLead,NonLead
"$475,000",3,,"1,594","2,062",255 hawaii ave ne,NonLead,NonLead
"$549,900",4,3,"1,824","1,476",1905 naylor rd se,NonLead,NonLead
"$439,000",3,2.5,"1,624","5,758",6740 2nd st nw,NonLead,NonLead
"$425,000",2,1.5,"1,436","3,750",145 wilmington pl se,NonLead,NonLead
"$1,150,000",8,,"3,064","2,703",1215 queen st ne,NonLead,NonLead
"$619,000",4,2,"1,680","1,657",1226 farragut pl ne,NonLead,NonLead
"$675,000",3,2.5,"2,033","2,913",5802 3rd pl nw,NonLead,NonLead
"$999,999",4,3.5,"1,754","3,321",1620 gales st ne,Lead,Lead
"$780,000",3,2,"2,034","1,902",3626 new hampshire ave nw,NonLead,Lead
"$525,000",5,2.5,"2,608","6,624",1701 highwood pl se,NonLead,NonLead
"$1,325,000",4,3.5,"2,425","1,900",4525 new hampshire ave nw,Lead,Lead
"$874,000",6,4,"1,517","1,545",4725 4th st nw,NonLead,NonLead
"$750,000",6,,"1,995","1,677",807 48th pl ne,NonLead,NonLead
"$1,065,000",4,3.5,"2,328","1,326",1235 g st ne,NonLead,Lead
"$414,999",2,1.5,"1,286","2,875",18 53rd st se,NonLead,NonLead
"$539,900",3,2.5,"2,856","4,198",5069 jay st ne,NonLead,NonLead
"$1,150,000",6,,"4,150","2,960",515 franklin st ne,NonLead,NonLead
"$2,395,000",5,4.5,"4,016","2,090",1429 q st nw,NonLead,NonLead
"$1,395,000",5,3.5,"2,722","8,959",6415 barnaby st nw,NonLead,NonLead
"$600,000",4,2,"1,488","1,620",837 decatur st nw,NonLead,NonLead
"$791,000",8,4.5,"1,907","2,250",4516 georgia ave nw,Lead,Lead
"$1,225,000",8,,"2,640","2,970",1027 16th st ne,NonLead,NonLead
"$1,995,000",7,6.5,"7,493","5,750",1325 holly st nw,NonLead,NonLead
"$375,000",3,2.5,"1,835","2,000",912 porter ct ne,NonLead,NonLead
"$880,000",4,1.5,"1,360","1,574",43 t st ne,NonLead,NonLead
"$850,000",4,3.5,"1,860","1,900",401 decatur st nw,NonLead,NonLead
"$1,300,000",3,3.5,"2,306","2,193",217 14th st se,NonLead,Lead
"$999,500",4,3.5,"2,480","2,443",3404 15th st ne,NonLead,NonLead
"$775,000",4,3.5+,"3,774","3,781",5500 4th st ne,NonLead,NonLead
"$999,000",4,3.5,"2,106","2,565",818 decatur st nw,NonLead,NonLead
"$659,000",3,2.5,"1,628","4,375",318 sheridan st nw,NonLead,NonLead
"$1,300,000",3,3,"1,841","1,620",1920 38th st nw,NonLead,NonLead
"$499,900",3,1,"1,216","1,258",315 adams st ne,NonLead,Lead
"$499,900",3,1.5+,"1,366","2,024",613 oneida st ne,NonLead,NonLead
"$1,298,525",4,,"2,368","3,373",1838 i st ne,NonLead,NonLead
"$474,000",2,1.5,896,780,1532 levis st ne,NonLead,NonLead
"$799,900",2,2,"1,134","1,900",1424 10th st nw,NonLead,NonLead
"$525,000",4,3.5,"2,098","5,913",1040 southern ave se,NonLead,NonLead
"$999,900",3,3.5,"1,595",997,2314 17th st nw,NonLead,NonLead
"$799,900",4,,"2,812","4,443",407 lebaum st se,NonLead,NonLead
"$850,009",4,,"2,640","1,520",1216 16th st ne,NonLead,NonLead
"$679,000",3,2.5,"1,543","2,970",1280 delafield pl ne,NonLead,NonLead
"$1,125,000",3,2.5,"1,643","1,339",1207 c st se,Lead,Lead
"$399,500",3,2,"1,248","1,875",4541 eads pl ne,NonLead,NonLead
"$2,000,000",Studio,,"1,776","1,360",1812 benning rd ne,NonLead,NonLead
"$600,000",3,1,"1,561","1,620",415 21st st ne,NonLead,NonLead
"$490,000",3,2.5,"2,096","4,000",5516 call pl se,NonLead,NonLead
"$1,950,000",6,,"3,906","2,603",424 taylor st nw,NonLead,Lead
"$399,999",3,1,"1,388","1,597",811 20th st ne,NonLead,NonLead
"$639,900",4,2,"1,820","2,400",4116 gault pl ne,NonLead,NonLead
"$510,000",2,1.5,"1,265","5,751",1128 46th st se,NonLead,NonLead
"$482,000",3,2,"1,184","1,725",223 51st st se,NonLead,NonLead
"$1,750,000",3,,"3,146","1,233",1344 t st nw,NonLead,NonLead
"$907,000",4,3,"2,853","4,868",6622 eastern ave nw,NonLead,NonLead
"$1,100,000",8,,"2,808","3,501",5430 4th st nw,NonLead,NonLead
"$429,900",3,2,"1,215","2,319",821 50th pl ne,NonLead,NonLead
"$675,000",2,1,"1,026","2,100",1352 rittenhouse st nw,NonLead,NonLead
"$449,900",3,1.5,"1,632","1,760",606 galveston pl se,NonLead,NonLead
"$995,000",3,2,"1,639","1,769",300 tennessee ave ne,NonLead,NonLead
"$499,999",3,1.5,"1,546","2,330",4963 12th st ne,NonLead,NonLead
"$465,000",3,2,"1,420","2,255",1624 16th st se,NonLead,NonLead
"$700,000",3,1,"1,240","2,240",622 evarts st ne,NonLead,Lead
"$450,000",3,2.5,"1,548","3,028",914 46th st ne,NonLead,NonLead
"$399,000",3,1.5,"1,671","4,832",4918 fitch pl ne,Lead,NonLead
"$2,500,000",3,,"3,470","1,615",1614 15th st nw,NonLead,NonLead
"$1,650,000",6,,"1,088",870,80 q st sw,NonLead,NonLead
"$460,000",2,2.5,"1,520","2,012",3462 24th st se,NonLead,NonLead
"$485,000",3,2.5,"2,182","6,250",3233 pope st se,NonLead,NonLead
"$300,000",3,2,"1,947","2,499",1140 neal st ne,NonLead,Lead
"$250,000",3,1,"1,658","2,832",5208 dix st ne,NonLead,NonLead
"$765,000",3,2,"1,620","1,444",1209 queen st ne,NonLead,NonLead
"$2,600,000",5,5.5,"5,070",0.27,5148 tilden st nw,NonLead,NonLead
"$1,295,000",12,,"2,958","3,234",1254 meigs pl ne,NonLead,NonLead
"$675,000",3,2.5,"2,019","2,600",4945 sargent rd ne,NonLead,NonLead
"$749,995",3,3.5,"1,708","1,593",5521 7th st nw,NonLead,NonLead
"$1,100,000",3,3,,"1,371",1924 benning rd ne,NonLead,Lead
"$1,475,000",4,2.5,"2,681","4,182",4328 albemarle st nw,NonLead,NonLead
"$439,000",2,1,696,780,1524 levis st ne,NonLead,NonLead
"$2,075,000",4,4.5,"2,804","1,618",634 lexington pl ne,NonLead,Lead
"$425,000",4,5,"1,692","6,618",150 upsal st se,NonLead,NonLead
"$5,250,000",4,,"2,368","3,840",1810 i st ne,NonLead,NonLead
"$449,500",3,1.5,"1,584","2,174",2479 alabama ave se,NonLead,NonLead
"$2,090,000",6,5.5+,"4,075","2,000",473 m st nw,Lead,Lead
"$679,000",2,2,960,"1,900",24 crittenden st ne,NonLead,NonLead
"$899,900",4,4,"2,138","3,600",1851 kendall st ne,NonLead,NonLead
"$899,900",4,4,"2,138","3,600",1851 kendall st ne,NonLead,NonLead
"$1,680,000",4,3.5,"2,880","2,102",2016 15th st nw,NonLead,NonLead
"$950,000",4,,"2,652","1,627",1639 montello ave ne,NonLead,NonLead
"$885,000",3,2.5,"1,651","1,058",690 kenneth st ne,NonLead,NonLead
"$845,000",3,2,"2,004","2,600",1233 c st ne,NonLead,NonLead
"$380,000",3,1.5,"1,024","1,600",4250 southern ave se,NonLead,NonLead
"$479,999",4,2.5,"1,459","2,434",1480 bangor st se,NonLead,NonLead
"$599,950",3,2,"1,325","2,061",6420 blair rd nw,NonLead,NonLead
"$999,500",4,,"1,944","2,359",53 victor st ne,NonLead,NonLead
"$575,000",2,2,"1,264","2,346",5743 5th st ne,NonLead,NonLead
"$280,000",2,2,"1,206",,623 atlantic st se,NonLead,NonLead
"$1,269,000",4,3.5,"2,160","1,799",221 rock creek church rd nw,Lead,Lead
"$1,350,000",5,3.5,"3,074","1,546",1104 5th st nw,NonLead,NonLead
"$899,000",1,,"2,508","4,000",428 newcomb st se,NonLead,NonLead
"$1,925,000",4,,"2,520","1,853",1420 corcoran st nw,NonLead,NonLead
"$1,795,000",6,3.5,"3,955","2,000",1438 belmont st nw,NonLead,NonLead
"$1,090,000",5,3.5,"2,662","4,620",903 quackenbos st nw,NonLead,NonLead
"$525,000",2,1,"1,602","1,464",519 23rd pl ne,NonLead,NonLead
"$1,300,000",5,4,"2,392","5,040",3746 jocelyn st nw,NonLead,NonLead
"$689,500",3,3.5,"1,728",976,211 concord pl ne,NonLead,NonLead
"$469,999",3,1,"1,620","2,068",711 decatur pl ne,NonLead,NonLead
"$415,900",2,2,"1,190","2,313",4210 edson pl ne,NonLead,NonLead
"$795,000",5,3.5,"1,879","1,620",1210 18th st ne,NonLead,Lead
"$585,000",2,1,960,"1,091",610 orleans pl ne,NonLead,Lead
"$220,000",2,2,"1,308","1,917",2307 16th st se,NonLead,NonLead
"$309,000",2,1.5,"1,142","2,428",100 forrester st sw,NonLead,NonLead
"$1,169,999",8,3.5,"3,374","2,714",1833 m st ne,NonLead,NonLead
"$534,900",3,2,"1,479","5,125",4435 g st se,NonLead,NonLead
"$439,900",3,2.5,832,"3,136",4301 texas ave se,NonLead,NonLead
"$1,399,369",3,3,"1,530","2,374",601 kennedy st nw,NonLead,NonLead
"$440,000",2,2,"1,215",,926 52nd st ne,NonLead,NonLead
"$950,000",,,"3,456","2,590",2214 nicholson st se,NonLead,NonLead
"$719,900",3,3,"1,720","3,816",3902 25th pl ne,NonLead,NonLead
"$460,000",3,2,"1,102","2,482",4915 central ave ne,NonLead,NonLead
"$648,500",2,1.5,990,"1,725",426 20th st ne,NonLead,NonLead
"$599,900",1,1.5,672,384,2239 10th st nw,NonLead,NonLead
"$379,999",2,2,"1,152","1,152",1430 howard rd se,NonLead,NonLead
"$735,000",2,,"1,300","1,910",330 20th st ne,NonLead,NonLead
"$969,500",4,3.5,"1,938","1,710",1607 d st ne,NonLead,Lead
"$699,000",3,1.5,"1,456","1,265",309 u st nw,NonLead,NonLead
"$800,000",2,2.5+,"2,201","3,940",5700 4th st nw,Lead,Lead
"$764,999",3,2,"1,818","2,826",231 farragut st nw,NonLead,NonLead
"$400,000",3,2.5,"1,320","3,000",5349 call pl se,NonLead,NonLead
"$549,990",4,3.5,"2,360","2,850",408 59th st ne,NonLead,NonLead
"$500,000",3,2,"1,638","1,898",4911 7th pl ne,NonLead,NonLead
"$385,000",2,1.5,"1,260","1,800",454 newcomb st se,NonLead,NonLead
"$794,590",4,4.5,"2,907","3,142",1501 erie st se,NonLead,NonLead
"$430,000",2,2,"1,152","1,588",4201 hildreth st se,NonLead,NonLead
"$380,000",2,1.5,"1,479","2,315",1525 fort davis st se,NonLead,NonLead
"$399,900",2,2.5,"1,152","1,983",231 57th pl ne,NonLead,NonLead
"$549,000",3,2,"1,413",991,314 channing st ne,NonLead,NonLead
"$700,000",3,1.5,"1,322","1,600",1119 park st ne,NonLead,Lead
"$920,000",3,3.5,"2,330","1,981",5500 13th st nw,NonLead,NonLead
"$289,900",2,1,"1,213","1,917",2303 16th st se,NonLead,NonLead
"$995,000",5,3.5,"2,072","1,167",125 jefferson st nw,NonLead,NonLead
"$551,000",4,2,"1,888","1,500",746 newton pl nw,Lead,Lead
"$325,000",3,2,"1,416","2,420",678 brandywine st se,NonLead,NonLead
"$419,000",3,1.5,"1,396","4,950",1136 44th pl se,NonLead,NonLead
"$695,000",6,4,"2,760",0.24,4000 d st se,NonLead,NonLead
"$965,000",4,2,"2,030","2,850",518 varnum st nw,Lead,Lead
"$1,049,800",4,,"1,850",,1937 capitol ave ne,NonLead,NonLead
"$770,000",3,2.5,"1,993","1,400",3205 warder st nw,Lead,Lead
"$1,299,000",3,3.5,"2,520","1,891",408 4th st se,NonLead,NonLead
"$425,000",3,1.5,"1,422","2,372",1645 fort dupont st se,NonLead,NonLead
"$1,100,000",3,3.5,"2,503","2,334",3619 15th st ne,NonLead,NonLead
"$374,999",3,1.5,"1,315","3,819",601 57th st ne,NonLead,NonLead
"$530,000",4,2.5,"1,724","3,021",212 49th st ne,NonLead,NonLead
"$1,595,000",4,3.5,"3,540","5,000",2750 jenifer st nw,NonLead,NonLead
"$649,999",,,,"9,600",5368 gay st ne,NonLead,NonLead
"$399,900",3,2,"1,224","2,750",4647 h st se,NonLead,NonLead
"$399,900",3,1.5,"1,264","2,903",5218 hayes st ne,NonLead,NonLead
"$1,500,000",4,2,"1,926","1,600",1801 d st se,NonLead,Lead
"$1,950,000",4,3.5,"2,550","3,944",3706 van ness st nw,NonLead,NonLead
"$290,000",3,1.5,"1,235","2,775",5500 foote st ne,NonLead,NonLead
"$1,699,995",8,,"3,430","3,105",1019 18th st ne,NonLead,NonLead
"$469,999",3,2,"1,304","1,479",3460 dix st ne,NonLead,NonLead
"$880,000",4,3.5,"2,176","2,000",118 varnum st nw,NonLead,NonLead
"$534,900",4,2.5,"1,498","2,469",4712 dix st ne,NonLead,NonLead
"$950,000",3,2,"2,000","5,424",6703 4th st nw,NonLead,NonLead
"$619,900",5,5,"2,530","2,868",4207 eads st ne,NonLead,NonLead
"$1,630,000",4,,"2,304","2,872",258 16th st se,NonLead,NonLead
"$550,000",3,1.5,"2,140","4,135",2419 30th st ne,NonLead,NonLead
"$1,600,000",6,4.5+,"3,700","1,292",160 12th st se,NonLead,NonLead
"$1,595,000",4,3.5,"2,673","1,203",703 maryland ave ne,NonLead,Lead
"$660,000",3,2.5,"1,864","1,748",5233 2nd st nw,NonLead,NonLead
"$1,750,000",6,4.5,"2,841","1,700",1734 hobart st nw,NonLead,NonLead
"$699,000",3,2,"1,492","2,307",52 crittenden st ne,NonLead,NonLead
"$395,000",3,2,"1,440","4,731",4032 ely pl se,NonLead,NonLead
"$1,799,000",4,4,"3,692","1,787",2032 o st nw,NonLead,NonLead
"$419,900",3,2,"1,248","3,005",825 burns st se,NonLead,NonLead
"$424,999",3,2,"1,044","1,840",1435 congress pl se,NonLead,NonLead
"$5,100,000",13,11.5,"10,539","2,750",1633 16th st nw,NonLead,NonLead
"$390,000",3,1.5,"1,404","1,775",1123 chicago st se,NonLead,NonLead
"$3,400,000",6,,"5,744","2,188",3012 q st nw,NonLead,NonLead
"$3,400,000",6,,"5,744","2,188",3012 q st nw,NonLead,NonLead
"$675,000",3,2,"1,384","1,375",736 harvard st nw,NonLead,NonLead
"$675,000",3,2,"1,384","1,375",736 harvard st nw,NonLead,NonLead
"$565,000",3,2,"1,465","2,513",1272 neal st ne,NonLead,Lead
"$1,649,000",5,3.5,"4,113","2,567",1223 fairmont st nw,NonLead,NonLead
"$549,900",3,1.5,"1,386","3,904",821 kennedy st ne,NonLead,NonLead
"$465,000",,,,"4,250",4318 sheriff rd ne,NonLead,Lead
"$3,150,000",4,4.5,"5,128","3,018",3202 scott pl nw,NonLead,NonLead
"$2,995,000",5,4.5,"4,491","7,059",1804 45th st nw,NonLead,NonLead
"$350,000",4,1.5+,"2,076","2,047",4315 12th st se,NonLead,NonLead
"$1,495,000",5,4,"3,023","7,200",5908 17th st nw,NonLead,NonLead
"$449,900",3,3,"1,240","4,140",4826 hayes st ne,NonLead,NonLead
"$699,000",6,2.5,"1,394","3,325",241 15th st se,Lead,Lead
"$314,999",3,1.5,"1,803","1,469",719 31st st se,NonLead,NonLead
"$549,990",5,2,"2,200","5,216",1226 chaplin st se,NonLead,NonLead
"$599,000",3,2.5,"1,400","1,377",455 15th st ne,NonLead,NonLead
"$399,000",2,1,"1,433","2,875",109 50th st ne,NonLead,NonLead
"$725,000",4,2.5+,"2,443","2,052",3810 fort lincoln dr ne,NonLead,NonLead
"$2,399,000",4,3.5,"2,538","1,710",1728 church st nw,NonLead,NonLead
"$1,095,000",3,3,"1,835","4,010",3020 mckinley st nw,Lead,Lead
"$695,000",3,2.5,"1,581","1,767",6319 7th st nw,NonLead,NonLead
"$595,000",4,2,"1,440","3,860",3312 d st se,NonLead,NonLead
"$1,050,000",3,2.5,"1,414","1,530",1206 g st ne,NonLead,NonLead
"$1,995,000",3,2.5+,"3,539","4,456",3245 nebraska ave nw,NonLead,NonLead
"$489,000",3,2.5,"1,920","4,699",4008 blaine st ne,NonLead,NonLead
"$699,900",2,1.5,"1,683","1,012",705 kentucky ave se,NonLead,NonLead
"$1,199,900",3,3,"1,550","1,104",1649 new jersey ave nw,NonLead,NonLead
"$1,450,000",7,,"3,195","1,478",122 4th st se,NonLead,NonLead
"$1,649,000",4,3.5,"2,188","2,067",1871 monroe st nw,NonLead,Lead
"$253,000",3,1.5,"1,418","1,600",4224 southern ave se,NonLead,NonLead
"$525,000",3,2.5+,"1,512","1,589",724 marietta pl nw,NonLead,NonLead
"$1,198,000",4,3.5,"2,040","1,263",28 quincy pl nw,NonLead,NonLead
"$1,199,000",4,2.5,"2,471","1,488",1330 independence ave se,NonLead,NonLead
"$360,000",3,1.5,"1,870","2,586",2237 nicholson st se,Lead,Lead
"$2,695,000",5,4.5,"3,788","5,750",3614 fulton st nw,NonLead,Lead
"$424,900",3,3,"1,801","2,500",524 foxhall pl se,NonLead,NonLead
"$429,000",5,3,"2,384","3,973",110 joliet st sw,NonLead,NonLead
"$795,000",4,3,"2,065","1,586",648 keefer pl nw,NonLead,NonLead
"$699,900",3,1,"1,220",848,37 16th st ne,Lead,Lead
"$1,400,000",3,3,"2,331","1,440",1329 wallach pl nw,NonLead,NonLead
"$398,000",3,1,960,"1,584",1523 morris rd se,NonLead,NonLead
"$270,000",2,1.5,"1,137","1,280",4026 1st st sw,NonLead,NonLead
"$270,000",2,1.5,"1,137","1,280",4026 1st st sw,NonLead,NonLead
"$380,000",3,1.5,"1,440","2,335",5038 sargent rd ne,NonLead,NonLead
"$565,000",3,1.5,"1,629","3,321",1646 gales st ne,NonLead,NonLead
"$565,000",3,1.5,"1,629","3,321",1646 gales st ne,NonLead,NonLead
"$475,000",3,1.5,"1,938","2,725",95 54th st se,NonLead,NonLead
"$390,000",3,2,810,"1,805",852 52nd st ne,Lead,Lead
"$1,400,000",6,3.5,"3,003","1,400",1928 15th st nw,NonLead,NonLead
"$679,000",6,,"1,482","1,389",1103 queen st ne,NonLead,NonLead
"$425,000",4,2,"1,728","2,160",21 atlantic st se,NonLead,NonLead
"$350,000",3,2.5,"1,144","1,600",116 33rd st ne,NonLead,Lead
"$1,750,000",6,,"2,282","1,509",1326 8th st nw,NonLead,NonLead
"$407,000",3,2,832,"1,909",2207 hartford st se,NonLead,NonLead
"$529,999",3,2.5,"1,617","3,784",2513 bowen rd se,NonLead,NonLead
"$749,000",3,1.5,"1,324","1,024",1327 emerald st ne,NonLead,NonLead
"$375,000",3,1.5,"2,074","5,500",856 burns st se,NonLead,NonLead
"$1,298,000",4,3.5,"2,273","1,634",1733 independence ave se,NonLead,NonLead
"$699,000",4,2.5,"1,694","3,412",6425 kansas ave ne,NonLead,NonLead
"$1,075,000",4,3.5,"2,300",951,553 15th st se,NonLead,NonLead
"$300,000",4,1,756,"3,313",2216 16th st se,NonLead,NonLead
"$300,000",4,1,756,"3,313",2216 16th st se,NonLead,NonLead
"$375,000",3,1.5,"1,350","1,180",1643 lang pl ne,NonLead,NonLead
"$1,295,000",4,2,"2,576","1,800",2222 1st st nw,NonLead,NonLead
"$350,000",3,1.5,"1,152","2,835",905 bellevue st se,NonLead,NonLead
"$2,399,900",4,5.5,"3,321","2,281",3821 s st nw,NonLead,Lead
"$1,200,000",4,3.5,"1,112","2,233",331 upshur st nw,NonLead,NonLead
"$449,500",3,2.5,"1,211","1,891",356 burbank st se,NonLead,NonLead
"$550,000",2,2,"1,100","1,600",5229 5th st nw,NonLead,NonLead
"$1,650,000",4,2.5,"2,564","6,376",5127 33rd st nw,NonLead,NonLead
"$250,000",3,1.5,"1,498","2,762",610 darrington st se,NonLead,NonLead
"$249,000",3,2,992,"1,200",2217 payne ter se,NonLead,NonLead
"$395,000",3,2,"1,517","3,250",5325 ames st ne,NonLead,NonLead
"$389,900",2,2,800,"2,851",5540 bass pl se,NonLead,NonLead
"$539,900",3,1,"1,555","1,778",2604 4th st ne,Lead,Lead
"$479,900",4,2.5,"1,510","4,364",2907 denver st se,NonLead,NonLead
"$299,900",3,1.5,"1,498","3,039",20 burns st ne,NonLead,NonLead
"$489,900",3,2,"1,824","2,921",100 46th pl ne,NonLead,NonLead
"$1,045,000",4,3.5,"2,180","1,156",247 rock creek church rd nw,Lead,Lead
"$479,900",4,2.5,"1,422","2,319",1617 fort dupont st se,NonLead,NonLead
"$499,000",4,2.5,"1,428","4,000",5231 bass pl se,NonLead,NonLead
"$895,900",4,3.5,"1,728","3,519",2320 monroe st ne,Lead,Lead
"$450,000",3,2.5,"1,580","1,350",1225 savannah pl se,NonLead,NonLead
"$1,395,000",3,2,"1,890","2,174",1531 44th st nw,NonLead,NonLead
"$429,900",3,2,"1,114","2,526",5085 just st ne,NonLead,NonLead
"$849,555",4,2,"2,010","1,643",613 kenyon st nw,NonLead,NonLead
"$474,000",3,2.5,"1,969","1,914",919 blakney ln se,NonLead,NonLead
"$600,000",4,3,"1,460","2,361",1247 delafield pl ne,NonLead,NonLead
"$490,000",3,2.5,"1,618","1,825",4241 dix st ne,NonLead,Lead
"$359,900",3,2.5,"1,729","1,879",2505 naylor rd se,NonLead,NonLead
"$1,295,000",3,3.5,"3,445",0.27,1725 verbena st nw,NonLead,NonLead
"$2,395,000",5,5.5,"2,977","3,000",3716 s st nw,NonLead,Lead
"$500,000",3,1,"1,581","1,620",1212 18th st ne,NonLead,Lead
"$500,000",3,1,"1,581","1,620",1212 18th st ne,NonLead,Lead
"$515,000",3,2.5,"1,762","1,631",3418 baker st ne,NonLead,NonLead
"$320,000",3,1.5,"1,320","1,721",704 ridge rd se,NonLead,NonLead
"$1,150,000",4,3.5,"2,512","1,700",507 decatur st nw,Lead,Lead
"$599,000",4,4.5,"2,745","1,400",623 longfellow st nw,NonLead,Lead
"$300,000",3,1,"1,262","3,259",3638 horner pl se,NonLead,NonLead
"$610,900",6,3.5,"2,600","4,313",828 46th st ne,NonLead,NonLead
"$1,250,000",9,6,"3,000","1,250",705 kenyon st nw,NonLead,NonLead
"$326,000",2,1.5,"1,207","1,698",5732 southern ave se,NonLead,NonLead
"$415,000",3,2,"1,215","2,360",5079 sheriff rd ne,NonLead,NonLead
"$329,900",3,1,"1,587","2,632",1559 fort dupont st se,NonLead,NonLead
"$549,999",3,1.5,"1,762","1,818",1330 queen st ne,NonLead,NonLead
"$695,000",3,1.5,"1,692","1,431",48 girard st ne,NonLead,NonLead
"$409,000",2,2,"1,020","1,712",751 51st st se,NonLead,NonLead
"$705,000",3,1.5,"1,776","1,557",206 17th st ne,NonLead,NonLead
"$599,900",4,2,"3,335","6,816",1231 v st se,NonLead,NonLead
"$525,000",4,2.5,"1,394","3,395",1010 hamilton st ne,NonLead,NonLead
"$425,000",3,2,"1,425","2,470",1344 valley pl se,NonLead,NonLead
"$850,000",4,3,"2,100","3,563",316 gallatin st nw,NonLead,NonLead
"$300,000",3,1,756,"4,000",5017 ayers pl se,Lead,Lead
"$345,000",2,1,832,"1,789",1502 41st st se,NonLead,NonLead
"$459,500",5,2,"1,732","2,981",868 yuma st se,NonLead,NonLead
"$850,000",4,3.5,"1,827","1,561",5121 3rd st nw,NonLead,NonLead
"$685,000",5,3.5,"1,458","4,560",3315 brothers pl se,NonLead,NonLead
"$900,000",4,,"2,508","3,477",900 19th st ne,NonLead,NonLead
"$900,000",4,,"2,508","3,477",900 19th st ne,NonLead,NonLead
"$299,800",2,1.5,"1,255","1,886",186 forrester st sw,NonLead,NonLead
"$304,900",2,1,960,"2,200",206 36th st se,NonLead,NonLead
"$270,000",3,1,"1,024","1,419",4408 martin luther king jr ave sw,NonLead,NonLead
"$439,900",5,3,"1,898","3,049",116 yuma st se,NonLead,NonLead
"$649,000",3,3.5,"1,692","1,188",6004 mclean pl ne,NonLead,NonLead
"$549,500",4,2.5,"1,288","2,520",2425 17th st se,NonLead,NonLead
"$200,000",Studio,,"1,192","3,156",5732 5th st ne,NonLead,NonLead
"$1,099,045",4,3.5,"1,768","1,603",45 t st ne,NonLead,Lead
"$699,950",4,2.5,"1,534","1,399",517 somerset pl nw,NonLead,NonLead
"$1,299,000",3,3,"2,448","1,240",342 8th st ne,NonLead,Lead
"$450,000",3,2.5,"1,190","3,250",5351 ames st ne,NonLead,NonLead
"$1,485,000",7,4.5,"3,104","1,753",719 quebec pl nw,NonLead,NonLead
"$899,900",3,2,"1,430","2,012",737 kentucky ave se,NonLead,Lead
"$410,000",2,2,"1,114","1,687",848 50th pl ne,NonLead,NonLead
"$700,000",3,3.5,"2,000","1,867",602 totten pl ne,NonLead,NonLead
"$164,900",1,1,708,,2118 suitland ter se,NonLead,NonLead
"$775,000",3,3,"1,836","3,565",3121 18th st ne,NonLead,NonLead
"$425,000",3,2.5,"1,628","2,594",4511 clay st ne,NonLead,NonLead
"$435,000",2,2,"1,216","2,944",515 45th st ne,Lead,Lead
"$435,000",2,,"1,216","2,944",515 45th st ne,Lead,Lead
"$1,050,000",3,2,"1,904","1,898",2012 10th st nw,NonLead,NonLead
"$1,050,000",3,2,"1,904","1,898",2012 10th st nw,NonLead,NonLead
"$700,000",3,2.5,,"8,135",2530 elvans rd se,NonLead,NonLead
"$749,950",3,2,"1,424","1,530",4516 5th st nw,NonLead,NonLead
"$435,000",2,2,"1,216","2,857",513 45th st ne,Lead,Lead
"$804,000",3,3.5,"2,120","1,408",1610 montello ave ne,NonLead,NonLead
"$1,749,000",5,,"1,024","1,341",645 morton st nw,NonLead,NonLead
"$1,150,000",4,2.5,"2,330","4,950",3814 12th st ne,NonLead,Lead
"$3,150,000",5,5.5,"4,168","3,659",3708 r st nw,NonLead,NonLead
"$425,000",3,2.5,"1,485","1,640",1409 shippen ln se,NonLead,NonLead
"$799,900",2,1,"1,180",979,1234 linden pl ne,NonLead,NonLead
"$2,749,600",6,,"6,400","2,638",1413 staples st ne,NonLead,NonLead
"$899,555",4,3.5,"1,999","6,750",1617 newton st ne,NonLead,NonLead
"$700,000",3,3.5,"1,769","2,234",2704 6th st ne,NonLead,NonLead
"$925,000",5,3.5,"2,714","5,700",2122 rand pl ne,NonLead,NonLead
"$1,795,000",6,5.5,"3,840","2,757",815 8th st ne,NonLead,Lead
"$925,000",3,2,"1,848","1,549",1909 8th st nw,NonLead,NonLead
"$2,375,000",5,3.5+,"3,750","7,500",3215 45th st nw,NonLead,NonLead
"$819,999",3,1.5,"2,175","1,599",405 t st nw,NonLead,Lead
"$1,845,000",6,3.5,"4,026","1,794",1244 10th st nw,NonLead,NonLead
"$2,495,000",9,6,"4,939","2,600",1836 california st nw,NonLead,NonLead
"$899,900",12,4,"4,148","3,030",1601 17th pl se,NonLead,NonLead
"$375,000",4,1.5+,"2,206","6,413",2545 36th st se,NonLead,NonLead
"$670,000",4,2,"1,478",903,2627 sherman ave nw,NonLead,NonLead
"$899,900",5,2,"1,740","1,388",1219 carrollsburg pl sw,NonLead,Lead
"$506,000",3,1.5,"1,496","1,055",4102 18th st ne,NonLead,NonLead
"$150,000",2,2,"1,626","2,594",4506 brooks st ne,NonLead,NonLead
"$665,000",4,1.5,"1,811","1,580",1260 owen pl ne,NonLead,NonLead
"$750,000",6,3,"3,891","2,130",1304 euclid st nw,NonLead,NonLead
"$1,600,000",6,3.5,"2,970","5,000",1310 decatur st nw,NonLead,NonLead
"$75,000",Studio,,,"1,350",6106 9th st nw,NonLead,NonLead
"$7,950,000",4,4.5,"7,997","1,247",1072 thomas jefferson st nw,NonLead,NonLead
"$275,000",2,1,"1,348","3,223",1622 eastern ave ne,NonLead,NonLead
"$2,450,000",4,,"2,400","2,400",3115 georgia ave nw,NonLead,Lead
"$2,450,000",4,,"2,322","2,400",3113 georgia ave nw,Lead,Lead
"$2,000,000",4,,"2,800","4,704",2606 41st st nw,NonLead,NonLead
"$900,000",Studio,,"1,394","1,502",113 18th st se,Lead,Lead
"$2,000,000",4,,"2,800","4,704",2610 41st st nw,NonLead,NonLead
"$270,000",2,1,"1,030","2,338",196 54th st se,NonLead,NonLead
